{"Mean":{"confidence_interval":{"confidence_level":0.95,"lower_bound":107.00792413687046,"upper_bound":110.01129026965613},"point_estimate":108.18376107192076,"standard_error":0.7974715867809868},"Median":{"confidence_interval":{"confidence_level":0.95,"lower_bound":106.47948506842307,"upper_bound":107.22229999186132},"point_estimate":106.73453921488837,"standard_error":0.18991464523980098},"MedianAbsDev":{"confidence_interval":{"confidence_level":0.95,"lower_bound":1.009785183659982,"upper_bound":1.5664576383032527},"point_estimate":1.267062191023504,"standard_error":0.132484565211991},"Slope":{"confidence_interval":{"confidence_level":0.95,"lower_bound":107.87448026248661,"upper_bound":114.49871576460379},"point_estimate":110.421198108838,"standard_error":1.7827725373907708},"StdDev":{"confidence_interval":{"confidence_level":0.95,"lower_bound":2.1248209741741086,"upper_bound":13.19682096255408},"point_estimate":8.025693772720267,"standard_error":3.543315130082795}}