{"Mean":{"confidence_interval":{"confidence_level":0.95,"lower_bound":113.85941831410835,"upper_bound":113.9177997395326},"point_estimate":113.88714435717871,"standard_error":0.014869593384846627},"Median":{"confidence_interval":{"confidence_level":0.95,"lower_bound":113.83101125108871,"upper_bound":113.8749672723585},"point_estimate":113.85626627707552,"standard_error":0.011605845496074163},"MedianAbsDev":{"confidence_interval":{"confidence_level":0.95,"lower_bound":0.07943891711479804,"upper_bound":0.13066561951600159},"point_estimate":0.10211316675093146,"standard_error":0.012914791864619194},"Slope":{"confidence_interval":{"confidence_level":0.95,"lower_bound":113.85696261624793,"upper_bound":113.91020844927168},"point_estimate":113.8816550083099,"standard_error":0.013602613542819981},"StdDev":{"confidence_interval":{"confidence_level":0.95,"lower_bound":0.10915231763458697,"upper_bound":0.18650875091818842},"point_estimate":0.14928816415416904,"standard_error":0.019954324701481622}}