{"Mean":{"confidence_interval":{"confidence_level":0.95,"lower_bound":15167225.456473546,"upper_bound":15174311.430555552},"point_estimate":15170479.359867727,"standard_error":1823.2279633835851},"Median":{"confidence_interval":{"confidence_level":0.95,"lower_bound":15165180.601190476,"upper_bound":15173051.277777778},"point_estimate":15170900.744444445,"standard_error":2429.571672234259},"MedianAbsDev":{"confidence_interval":{"confidence_level":0.95,"lower_bound":508.5812109706945,"upper_bound":10104.95487560295},"point_estimate":6174.487623714769,"standard_error":2519.982885424082},"Slope":{"confidence_interval":{"confidence_level":0.95,"lower_bound":15166627.740840036,"upper_bound":15177093.400782013},"point_estimate":15171272.694372294,"standard_error":2702.1780756044523},"StdDev":{"confidence_interval":{"confidence_level":0.95,"lower_bound":2975.397633167826,"upper_bound":8452.22722238318},"point_estimate":6097.861151733324,"standard_error":1629.1656323788964}}