{"Mean":{"confidence_interval":{"confidence_level":0.95,"lower_bound":1935695.8442904758,"upper_bound":1957408.6404452382},"point_estimate":1946004.004890476,"standard_error":5562.469263148603},"Median":{"confidence_interval":{"confidence_level":0.95,"lower_bound":1932802.9693333334,"upper_bound":1962948.31},"point_estimate":1936382.5767857144,"standard_error":9145.131233861079},"MedianAbsDev":{"confidence_interval":{"confidence_level":0.95,"lower_bound":826.3011498302498,"upper_bound":32636.42380058784},"point_estimate":12879.999480234506,"standard_error":8524.933810526969},"Slope":{"confidence_interval":{"confidence_level":0.95,"lower_bound":1930134.9262897365,"upper_bound":1966409.4915294119},"point_estimate":1946546.2492467533,"standard_error":10196.220653321083},"StdDev":{"confidence_interval":{"confidence_level":0.95,"lower_bound":10053.697920310935,"upper_bound":23297.282950670426},"point_estimate":18550.997789688,"standard_error":3508.3075341039125}}