{"Mean":{"confidence_interval":{"confidence_level":0.95,"lower_bound":288.0986995128482,"upper_bound":293.18101364408614},"point_estimate":290.27700957879205,"standard_error":1.3178672484781893},"Median":{"confidence_interval":{"confidence_level":0.95,"lower_bound":286.8896702230844,"upper_bound":288.82294321178057},"point_estimate":287.87248693285915,"standard_error":0.4975074264087458},"MedianAbsDev":{"confidence_interval":{"confidence_level":0.95,"lower_bound":2.642018080210937,"upper_bound":4.939680960233954},"point_estimate":3.76536143777065,"standard_error":0.6075205206028059},"Slope":{"confidence_interval":{"confidence_level":0.95,"lower_bound":287.8560410605542,"upper_bound":293.2236062803633},"point_estimate":289.9281378808582,"standard_error":1.4215558149574612},"StdDev":{"confidence_interval":{"confidence_level":0.95,"lower_bound":4.660985148423905,"upper_bound":20.553236907236204},"point_estimate":13.27673432789439,"standard_error":4.307161633100131}}