{"Mean":{"confidence_interval":{"confidence_level":0.95,"lower_bound":7743411.217754629,"upper_bound":8382611.394980157},"point_estimate":8008595.147843915,"standard_error":169681.11552216308},"Median":{"confidence_interval":{"confidence_level":0.95,"lower_bound":7680838.907407408,"upper_bound":8128004.16468254},"point_estimate":7869670.9375,"standard_error":110731.47647304548},"MedianAbsDev":{"confidence_interval":{"confidence_level":0.95,"lower_bound":74537.03415170289,"upper_bound":546001.1223898757},"point_estimate":245771.65467556939,"standard_error":129913.55780929109},"Slope":{"confidence_interval":{"confidence_level":0.95,"lower_bound":7632888.131980061,"upper_bound":8030090.558089034},"point_estimate":7786168.987012987,"standard_error":102501.436746262},"StdDev":{"confidence_interval":{"confidence_level":0.95,"lower_bound":138041.9961942072,"upper_bound":840531.5472803252},"point_estimate":566732.2572150826,"standard_error":218799.49034217722}}