{"Mean":{"confidence_interval":{"confidence_level":0.95,"lower_bound":69.91121504134611,"upper_bound":70.74160464181033},"point_estimate":70.26333449344718,"standard_error":0.21525619183704803},"Median":{"confidence_interval":{"confidence_level":0.95,"lower_bound":69.71408385881273,"upper_bound":70.07391390446016},"point_estimate":69.84811442653266,"standard_error":0.07851672705838411},"MedianAbsDev":{"confidence_interval":{"confidence_level":0.95,"lower_bound":0.5126131458128613,"upper_bound":0.87374494420931},"point_estimate":0.6737645408045562,"standard_error":0.09027740029653261},"Slope":{"confidence_interval":{"confidence_level":0.95,"lower_bound":69.96599153914005,"upper_bound":70.33152165478116},"point_estimate":70.1372739223024,"standard_error":0.09352667704877374},"StdDev":{"confidence_interval":{"confidence_level":0.95,"lower_bound":0.8670823825353442,"upper_bound":3.3882569275882943},"point_estimate":2.164983786582127,"standard_error":0.7449133194213454}}