{"Mean":{"confidence_interval":{"confidence_level":0.95,"lower_bound":-0.41019278702785367,"upper_bound":-0.40706753578687394},"point_estimate":-0.4086075424866493,"standard_error":0.0007962699652098115},"Median":{"confidence_interval":{"confidence_level":0.95,"lower_bound":-0.41074013646073226,"upper_bound":-0.40613938294775764},"point_estimate":-0.40870501471657705,"standard_error":0.0012717339790867938}}