{"Mean":{"confidence_interval":{"confidence_level":0.95,"lower_bound":-0.11429505091618124,"upper_bound":-0.09730351368231349},"point_estimate":-0.10484558414873268,"standard_error":0.004404068839648963},"Median":{"confidence_interval":{"confidence_level":0.95,"lower_bound":-0.1115328797851074,"upper_bound":-0.09576349083705304},"point_estimate":-0.09967370456980829,"standard_error":0.003567978836652089}}