{"Mean":{"confidence_interval":{"confidence_level":0.95,"lower_bound":77.11785063630572,"upper_bound":77.15271426150726},"point_estimate":77.13465820934579,"standard_error":0.00891564151692032},"Median":{"confidence_interval":{"confidence_level":0.95,"lower_bound":77.09781259418324,"upper_bound":77.12274760129472},"point_estimate":77.11060837844727,"standard_error":0.00559019900400216},"MedianAbsDev":{"confidence_interval":{"confidence_level":0.95,"lower_bound":0.043203580152333006,"upper_bound":0.07723271223644018},"point_estimate":0.05756026817560541,"standard_error":0.008948279020164608},"Slope":{"confidence_interval":{"confidence_level":0.95,"lower_bound":77.0999748765472,"upper_bound":77.12780953953947},"point_estimate":77.11337384857889,"standard_error":0.00710937851704563},"StdDev":{"confidence_interval":{"confidence_level":0.95,"lower_bound":0.0695420556475045,"upper_bound":0.10696959426539855},"point_estimate":0.0893278305415302,"standard_error":0.009573683862013179}}