{"Mean":{"confidence_interval":{"confidence_level":0.95,"lower_bound":43.19853435087819,"upper_bound":43.60623839296147},"point_estimate":43.38233763918802,"standard_error":0.10452403349379924},"Median":{"confidence_interval":{"confidence_level":0.95,"lower_bound":43.113544681350575,"upper_bound":43.32401643528458},"point_estimate":43.22448221392331,"standard_error":0.06590990125832305},"MedianAbsDev":{"confidence_interval":{"confidence_level":0.95,"lower_bound":0.33038075174325926,"upper_bound":0.5346482805101067},"point_estimate":0.43825872482502254,"standard_error":0.051404670323178164},"Slope":{"confidence_interval":{"confidence_level":0.95,"lower_bound":43.22793013494473,"upper_bound":43.60123733643946},"point_estimate":43.38625290854393,"standard_error":0.09614438772990719},"StdDev":{"confidence_interval":{"confidence_level":0.95,"lower_bound":0.5181743786557417,"upper_bound":1.5114923351337088},"point_estimate":1.050157663797188,"standard_error":0.2598970988280007}}