{"Mean":{"confidence_interval":{"confidence_level":0.95,"lower_bound":-0.00576931896106167,"upper_bound":-0.002902427221095302},"point_estimate":-0.004415085062675961,"standard_error":0.0007434393428489849},"Median":{"confidence_interval":{"confidence_level":0.95,"lower_bound":-0.006088133989219369,"upper_bound":-0.002844496629025528},"point_estimate":-0.005172865916762581,"standard_error":0.0007207448393527154}}