{"Mean":{"confidence_interval":{"confidence_level":0.95,"lower_bound":79.05918812505978,"upper_bound":79.19725819067358},"point_estimate":79.12131403036365,"standard_error":0.03542723314364932},"Median":{"confidence_interval":{"confidence_level":0.95,"lower_bound":79.01301206928915,"upper_bound":79.09892530481247},"point_estimate":79.04546244044218,"standard_error":0.02278298150436321},"MedianAbsDev":{"confidence_interval":{"confidence_level":0.95,"lower_bound":0.136024676463437,"upper_bound":0.2513967587987619},"point_estimate":0.19510165728035594,"standard_error":0.030178242652865783},"Slope":{"confidence_interval":{"confidence_level":0.95,"lower_bound":79.00381515276844,"upper_bound":79.09193723549704},"point_estimate":79.04618087211315,"standard_error":0.02250562261612928},"StdDev":{"confidence_interval":{"confidence_level":0.95,"lower_bound":0.20670655683853,"upper_bound":0.5153946185609353},"point_estimate":0.3574170031700907,"standard_error":0.08770476975674057}}