{"Mean":{"confidence_interval":{"confidence_level":0.95,"lower_bound":18100541.597881943,"upper_bound":18993199.4575},"point_estimate":18478636.37361111,"standard_error":235713.31393522708},"Median":{"confidence_interval":{"confidence_level":0.95,"lower_bound":17953636.111111112,"upper_bound":18748093.275},"point_estimate":18263521.5625,"standard_error":216360.8846877641},"MedianAbsDev":{"confidence_interval":{"confidence_level":0.95,"lower_bound":49760.35465657766,"upper_bound":824942.9029293358},"point_estimate":412719.33394359984,"standard_error":244248.06227513048},"Slope":{"confidence_interval":{"confidence_level":0.95,"lower_bound":17975086.278570227,"upper_bound":18238495.562609673},"point_estimate":18058376.425974026,"standard_error":68744.12936047114},"StdDev":{"confidence_interval":{"confidence_level":0.95,"lower_bound":226112.81867556032,"upper_bound":1142838.5458117735},"point_estimate":785232.1916562868,"standard_error":278912.12127967604}}