{"Mean":{"confidence_interval":{"confidence_level":0.95,"lower_bound":-0.02936318744323842,"upper_bound":-0.016955875757689004},"point_estimate":-0.022856294931419496,"standard_error":0.0031632868340356257},"Median":{"confidence_interval":{"confidence_level":0.95,"lower_bound":-0.026839254934221457,"upper_bound":-0.016431726461828777},"point_estimate":-0.020328663201741426,"standard_error":0.002584437983501006}}