{"Mean":{"confidence_interval":{"confidence_level":0.95,"lower_bound":2805498.551829806,"upper_bound":2985002.53186067},"point_estimate":2876720.113434744,"standard_error":48928.763582643},"Median":{"confidence_interval":{"confidence_level":0.95,"lower_bound":2795160.1790123456,"upper_bound":2892623.5324074076},"point_estimate":2821860.523809524,"standard_error":24198.03186281028},"MedianAbsDev":{"confidence_interval":{"confidence_level":0.95,"lower_bound":10267.946151041007,"upper_bound":117583.73997636007},"point_estimate":49371.100779043394,"standard_error":30570.510938921252},"Slope":{"confidence_interval":{"confidence_level":0.95,"lower_bound":2809064.775800072,"upper_bound":2967955.37280564},"point_estimate":2859014.332178932,"standard_error":41846.01190403065},"StdDev":{"confidence_interval":{"confidence_level":0.95,"lower_bound":26721.462959292516,"upper_bound":246552.2328303217},"point_estimate":163166.46032153457,"standard_error":70870.35532907491}}