{"Mean":{"confidence_interval":{"confidence_level":0.95,"lower_bound":-0.44411402177418713,"upper_bound":-0.42576230903715145},"point_estimate":-0.43572636538015064,"standard_error":0.004869075553336436},"Median":{"confidence_interval":{"confidence_level":0.95,"lower_bound":-0.4432017214722407,"upper_bound":-0.43269326131643004},"point_estimate":-0.4365760008694052,"standard_error":0.0036790268603054586}}