{"Mean":{"confidence_interval":{"confidence_level":0.95,"lower_bound":-0.0028587319888573326,"upper_bound":0.02921311954405448},"point_estimate":0.009624291397697382,"standard_error":0.00871315731030683},"Median":{"confidence_interval":{"confidence_level":0.95,"lower_bound":-0.004308073829501602,"upper_bound":0.011624641773389621},"point_estimate":0.002048866092927426,"standard_error":0.004470955569772699}}