{"Mean":{"confidence_interval":{"confidence_level":0.95,"lower_bound":293.2370025843101,"upper_bound":293.52086914023283},"point_estimate":293.36050891977567,"standard_error":0.07288419915253384},"Median":{"confidence_interval":{"confidence_level":0.95,"lower_bound":293.19532596943395,"upper_bound":293.33335374857944},"point_estimate":293.25961032856327,"standard_error":0.03700188907876007},"MedianAbsDev":{"confidence_interval":{"confidence_level":0.95,"lower_bound":0.19839661142409123,"upper_bound":0.33764544858502255},"point_estimate":0.2521898511569077,"standard_error":0.03529227095467816},"Slope":{"confidence_interval":{"confidence_level":0.95,"lower_bound":293.2260699325887,"upper_bound":293.4261647232659},"point_estimate":293.31566301969076,"standard_error":0.05096277001734158},"StdDev":{"confidence_interval":{"confidence_level":0.95,"lower_bound":0.2664800146214753,"upper_bound":1.1185644429383006},"point_estimate":0.7318274940862074,"standard_error":0.22047812067174413}}