{"Mean":{"confidence_interval":{"confidence_level":0.95,"lower_bound":20281626.350515876,"upper_bound":20585368.740000002},"point_estimate":20408102.758849207,"standard_error":79752.43837153731},"Median":{"confidence_interval":{"confidence_level":0.95,"lower_bound":20238059.7,"upper_bound":20497066.25},"point_estimate":20304328.058333334,"standard_error":64647.25096858847},"MedianAbsDev":{"confidence_interval":{"confidence_level":0.95,"lower_bound":20155.390667170286,"upper_bound":267812.9674203694},"point_estimate":111621.34229915813,"standard_error":73220.87747092903},"Slope":{"confidence_interval":{"confidence_level":0.95,"lower_bound":20243418.009151414,"upper_bound":20317739.973958332},"point_estimate":20265029.87272727,"standard_error":19437.94569882497},"StdDev":{"confidence_interval":{"confidence_level":0.95,"lower_bound":62702.89610572832,"upper_bound":388120.0188068932},"point_estimate":265246.9182882907,"standard_error":97663.52359364658}}