{"Mean":{"confidence_interval":{"confidence_level":0.95,"lower_bound":296.8569867901079,"upper_bound":297.15201296477727},"point_estimate":297.0011306629482,"standard_error":0.07512617813988162},"Median":{"confidence_interval":{"confidence_level":0.95,"lower_bound":296.7941404103623,"upper_bound":297.09612567204306},"point_estimate":297.0009882249485,"standard_error":0.09315359798609595},"MedianAbsDev":{"confidence_interval":{"confidence_level":0.95,"lower_bound":0.4792111334572876,"upper_bound":0.8148376692137191},"point_estimate":0.668588981682665,"standard_error":0.0853267616736297},"Slope":{"confidence_interval":{"confidence_level":0.95,"lower_bound":296.87713885104534,"upper_bound":297.2923453384477},"point_estimate":297.07736699417717,"standard_error":0.10598161544583047},"StdDev":{"confidence_interval":{"confidence_level":0.95,"lower_bound":0.6095174948373377,"upper_bound":0.8957187640662465},"point_estimate":0.753376425172546,"standard_error":0.07354395925228724}}