{"Mean":{"confidence_interval":{"confidence_level":0.95,"lower_bound":9.245791666853103,"upper_bound":9.251789611976271},"point_estimate":9.248505732618337,"standard_error":0.001536047030438215},"Median":{"confidence_interval":{"confidence_level":0.95,"lower_bound":9.243793072242738,"upper_bound":9.246660971587648},"point_estimate":9.245391474943318,"standard_error":0.0007307699958193606},"MedianAbsDev":{"confidence_interval":{"confidence_level":0.95,"lower_bound":0.004098954859002641,"upper_bound":0.007459198725016264},"point_estimate":0.0056950958833509755,"standard_error":0.000872675601169278},"Slope":{"confidence_interval":{"confidence_level":0.95,"lower_bound":9.2469279106926,"upper_bound":9.252255901658835},"point_estimate":9.24928764947169,"standard_error":0.001367679998019431},"StdDev":{"confidence_interval":{"confidence_level":0.95,"lower_bound":0.008183105510764005,"upper_bound":0.021703414806495742},"point_estimate":0.01536662977512381,"standard_error":0.003501163742922192}}