{"Mean":{"confidence_interval":{"confidence_level":0.95,"lower_bound":53.315827534004306,"upper_bound":56.01205945311673},"point_estimate":54.24489078200292,"standard_error":0.8445346882520017},"Median":{"confidence_interval":{"confidence_level":0.95,"lower_bound":53.37946972565301,"upper_bound":53.46168476667713},"point_estimate":53.40752260539007,"standard_error":0.019310892220502175},"MedianAbsDev":{"confidence_interval":{"confidence_level":0.95,"lower_bound":0.1890157012940697,"upper_bound":0.3288442788214835},"point_estimate":0.2621480774683448,"standard_error":0.03467601545524831},"Slope":{"confidence_interval":{"confidence_level":0.95,"lower_bound":53.183211611299946,"upper_bound":53.77996967323949},"point_estimate":53.41732162493497,"standard_error":0.15612104025404544},"StdDev":{"confidence_interval":{"confidence_level":0.95,"lower_bound":0.32133996546437477,"upper_bound":14.526702872383593},"point_estimate":8.483240951810613,"standard_error":5.067575119621141}}