{"Mean":{"confidence_interval":{"confidence_level":0.95,"lower_bound":7221020.362261906,"upper_bound":7328325.652129631},"point_estimate":7265938.800410053,"standard_error":28207.29235330387},"Median":{"confidence_interval":{"confidence_level":0.95,"lower_bound":7206959.698809524,"upper_bound":7294818.208333334},"point_estimate":7233418.770833334,"standard_error":22063.565410425814},"MedianAbsDev":{"confidence_interval":{"confidence_level":0.95,"lower_bound":3269.1329419612885,"upper_bound":96781.06498734748},"point_estimate":42627.2078882156,"standard_error":24855.66323918373},"Slope":{"confidence_interval":{"confidence_level":0.95,"lower_bound":7205111.378205128,"upper_bound":7236246.183719848},"point_estimate":7214757.255844156,"standard_error":8082.422865000316},"StdDev":{"confidence_interval":{"confidence_level":0.95,"lower_bound":21775.776445475414,"upper_bound":137418.184133027},"point_estimate":94058.00694880108,"standard_error":34511.959350459525}}