{"Mean":{"confidence_interval":{"confidence_level":0.95,"lower_bound":1572812.6868398269,"upper_bound":1587243.6694660892},"point_estimate":1579604.2658213084,"standard_error":3707.6571121908164},"Median":{"confidence_interval":{"confidence_level":0.95,"lower_bound":1568818.844155844,"upper_bound":1591098.1545454545},"point_estimate":1575942.6196969696,"standard_error":4960.01256176435},"MedianAbsDev":{"confidence_interval":{"confidence_level":0.95,"lower_bound":1954.9364289291846,"upper_bound":22383.325658298476},"point_estimate":10875.837706006225,"standard_error":4896.697639225866},"Slope":{"confidence_interval":{"confidence_level":0.95,"lower_bound":1575071.6170973075,"upper_bound":1593234.3324736198},"point_estimate":1583762.2284140103,"standard_error":4746.400245579279},"StdDev":{"confidence_interval":{"confidence_level":0.95,"lower_bound":5398.2443229896635,"upper_bound":15332.512575476982},"point_estimate":12373.677183821052,"standard_error":2527.121683103643}}