{"Mean":{"confidence_interval":{"confidence_level":0.95,"lower_bound":35168044.56161905,"upper_bound":35586057.82166667},"point_estimate":35349275.14150793,"standard_error":108156.3673678214},"Median":{"confidence_interval":{"confidence_level":0.95,"lower_bound":35129105.796428576,"upper_bound":35442216.05},"point_estimate":35276898.75,"standard_error":62908.57563686842},"MedianAbsDev":{"confidence_interval":{"confidence_level":0.95,"lower_bound":16907.058249837086,"upper_bound":458804.8936545812},"point_estimate":110426.26993954182,"standard_error":123600.9993366473},"Slope":{"confidence_interval":{"confidence_level":0.95,"lower_bound":35049712.01166666,"upper_bound":35833824.36856869},"point_estimate":35366784.087012984,"standard_error":216287.8509083775},"StdDev":{"confidence_interval":{"confidence_level":0.95,"lower_bound":104409.70499609663,"upper_bound":522429.6019754275},"point_estimate":360747.12608663464,"standard_error":122509.04182942973}}