{"Mean":{"confidence_interval":{"confidence_level":0.95,"lower_bound":2238308.209888979,"upper_bound":2281267.117142857},"point_estimate":2256860.2981403316,"standard_error":11156.605731332735},"Median":{"confidence_interval":{"confidence_level":0.95,"lower_bound":2234016.4517045454,"upper_bound":2270563.715909091},"point_estimate":2242415.023088023,"standard_error":8778.803010452073},"MedianAbsDev":{"confidence_interval":{"confidence_level":0.95,"lower_bound":1242.1304946143655,"upper_bound":46151.72167079462},"point_estimate":13367.016599241015,"standard_error":11777.574950807888},"Slope":{"confidence_interval":{"confidence_level":0.95,"lower_bound":2232029.5402053646,"upper_bound":2249716.0440024165},"point_estimate":2238515.2996458085,"standard_error":4543.782764943684},"StdDev":{"confidence_interval":{"confidence_level":0.95,"lower_bound":7637.4478642346685,"upper_bound":52042.70357102038},"point_estimate":37127.44667755561,"standard_error":12086.026328254911}}