{"Mean":{"confidence_interval":{"confidence_level":0.95,"lower_bound":37.687630312639314,"upper_bound":37.73676523716739},"point_estimate":37.71144531518355,"standard_error":0.0125016632297118},"Median":{"confidence_interval":{"confidence_level":0.95,"lower_bound":37.63885687454646,"upper_bound":37.7316662592114},"point_estimate":37.680179032610226,"standard_error":0.020915850459208643},"MedianAbsDev":{"confidence_interval":{"confidence_level":0.95,"lower_bound":0.07367560126466027,"upper_bound":0.16172569883460433},"point_estimate":0.11953953328394201,"standard_error":0.019950638559157043},"Slope":{"confidence_interval":{"confidence_level":0.95,"lower_bound":37.713459587175535,"upper_bound":37.77212140851081},"point_estimate":37.742044534784156,"standard_error":0.01498472467447565},"StdDev":{"confidence_interval":{"confidence_level":0.95,"lower_bound":0.10266952048129317,"upper_bound":0.1477618155594787},"point_estimate":0.1253240720920721,"standard_error":0.011568316885944752}}