{"Mean":{"confidence_interval":{"confidence_level":0.95,"lower_bound":1498.762810218091,"upper_bound":1501.0179718660636},"point_estimate":1499.8977689321796,"standard_error":0.5752767272469299},"Median":{"confidence_interval":{"confidence_level":0.95,"lower_bound":1499.1210393190354,"upper_bound":1500.9947403842607},"point_estimate":1500.1292705682781,"standard_error":0.42521961337939734},"MedianAbsDev":{"confidence_interval":{"confidence_level":0.95,"lower_bound":3.1392826788871626,"upper_bound":5.331601628148742},"point_estimate":3.8747167017051978,"standard_error":0.5731816300640893},"Slope":{"confidence_interval":{"confidence_level":0.95,"lower_bound":1499.580873437466,"upper_bound":1501.4039654020798},"point_estimate":1500.5077622619274,"standard_error":0.4656088161405423},"StdDev":{"confidence_interval":{"confidence_level":0.95,"lower_bound":4.724837934861068,"upper_bound":6.690875478726534},"point_estimate":5.765452897491947,"standard_error":0.502391750560079}}