{"Mean":{"confidence_interval":{"confidence_level":0.95,"lower_bound":90.73230680690303,"upper_bound":90.83617810681392},"point_estimate":90.78250011603815,"standard_error":0.026513332033020177},"Median":{"confidence_interval":{"confidence_level":0.95,"lower_bound":90.7335712266558,"upper_bound":90.80708565843815},"point_estimate":90.768374781658,"standard_error":0.01685625332854025},"MedianAbsDev":{"confidence_interval":{"confidence_level":0.95,"lower_bound":0.11715387977643757,"upper_bound":0.19452304772050202},"point_estimate":0.14245519795120723,"standard_error":0.020084115624103324},"Slope":{"confidence_interval":{"confidence_level":0.95,"lower_bound":90.7426401038456,"upper_bound":90.80041178952735},"point_estimate":90.77148538848134,"standard_error":0.014701388563748653},"StdDev":{"confidence_interval":{"confidence_level":0.95,"lower_bound":0.18250309395824585,"upper_bound":0.34077265234954335},"point_estimate":0.26581632150301526,"standard_error":0.040607729003510284}}