{"Mean":{"confidence_interval":{"confidence_level":0.95,"lower_bound":5864382.769132653,"upper_bound":5900468.779279336},"point_estimate":5881662.2546088435,"standard_error":9231.246485225254},"Median":{"confidence_interval":{"confidence_level":0.95,"lower_bound":5859116.080357143,"upper_bound":5907947.333333333},"point_estimate":5871050.29047619,"standard_error":13214.023836029934},"MedianAbsDev":{"confidence_interval":{"confidence_level":0.95,"lower_bound":5679.942869160968,"upper_bound":49682.0239579667},"point_estimate":30554.04242005751,"standard_error":12114.74469832085},"Slope":{"confidence_interval":{"confidence_level":0.95,"lower_bound":5862455.115902965,"upper_bound":5897478.89874296},"point_estimate":5876454.930241187,"standard_error":8911.610598366513},"StdDev":{"confidence_interval":{"confidence_level":0.95,"lower_bound":16449.900995564367,"upper_bound":39026.61094959544},"point_estimate":30798.518246517146,"standard_error":5848.778011539266}}