{"Mean":{"confidence_interval":{"confidence_level":0.95,"lower_bound":320.21051402405664,"upper_bound":322.70440264344904},"point_estimate":321.2994416075726,"standard_error":0.6424674713106554},"Median":{"confidence_interval":{"confidence_level":0.95,"lower_bound":319.07364539025235,"upper_bound":320.2998377501352},"point_estimate":319.5632052337873,"standard_error":0.3647898583115946},"MedianAbsDev":{"confidence_interval":{"confidence_level":0.95,"lower_bound":1.6864654664657128,"upper_bound":3.161706301768036},"point_estimate":2.2522346602366765,"standard_error":0.4068620058765782},"Slope":{"confidence_interval":{"confidence_level":0.95,"lower_bound":320.4644277686719,"upper_bound":322.41273377725696},"point_estimate":321.396223279343,"standard_error":0.4977099852780921},"StdDev":{"confidence_interval":{"confidence_level":0.95,"lower_bound":3.2487962036302984,"upper_bound":9.799400932726298},"point_estimate":6.463746130222879,"standard_error":2.003646464365138}}