{"Mean":{"confidence_interval":{"confidence_level":0.95,"lower_bound":126.802502480459,"upper_bound":126.91350135921434},"point_estimate":126.85513245115858,"standard_error":0.028264337618597007},"Median":{"confidence_interval":{"confidence_level":0.95,"lower_bound":126.73736533229427,"upper_bound":126.82432978036175},"point_estimate":126.7580500526366,"standard_error":0.022672610123633165},"MedianAbsDev":{"confidence_interval":{"confidence_level":0.95,"lower_bound":0.12252891276258675,"upper_bound":0.23311588032227146},"point_estimate":0.15598565749785626,"standard_error":0.028601673323679248},"Slope":{"confidence_interval":{"confidence_level":0.95,"lower_bound":126.80856708223281,"upper_bound":126.91928731609259},"point_estimate":126.86063883705275,"standard_error":0.028300975694394957},"StdDev":{"confidence_interval":{"confidence_level":0.95,"lower_bound":0.2055210185179412,"upper_bound":0.3643888396422636},"point_estimate":0.28406227996396644,"standard_error":0.041423508642672593}}