{"Mean":{"confidence_interval":{"confidence_level":0.95,"lower_bound":-0.006782536244638139,"upper_bound":0.010120364516998307},"point_estimate":0.0008881853467144207,"standard_error":0.00438088099149746},"Median":{"confidence_interval":{"confidence_level":0.95,"lower_bound":-0.0010876548652202223,"upper_bound":0.009946733206179559},"point_estimate":0.006616241458114569,"standard_error":0.0030833537161872268}}