{"Mean":{"confidence_interval":{"confidence_level":0.95,"lower_bound":-0.026613742740765212,"upper_bound":-0.02185247882557996},"point_estimate":-0.024275507881884373,"standard_error":0.0012102807368000856},"Median":{"confidence_interval":{"confidence_level":0.95,"lower_bound":-0.027724502231620485,"upper_bound":-0.022760040657457698},"point_estimate":-0.025399492540613355,"standard_error":0.001220009699070497}}