{"Mean":{"confidence_interval":{"confidence_level":0.95,"lower_bound":-0.06066323945620598,"upper_bound":-0.05156962417677603},"point_estimate":-0.05600674267555972,"standard_error":0.0023140952569852724},"Median":{"confidence_interval":{"confidence_level":0.95,"lower_bound":-0.056830199760140476,"upper_bound":-0.04884915034781963},"point_estimate":-0.052686618001555274,"standard_error":0.002021958441295022}}