{"Mean":{"confidence_interval":{"confidence_level":0.95,"lower_bound":372.75448426049047,"upper_bound":374.9794329487705},"point_estimate":373.7968762260271,"standard_error":0.566710301365608},"Median":{"confidence_interval":{"confidence_level":0.95,"lower_bound":371.9613904165145,"upper_bound":374.13815795916366},"point_estimate":372.936027817599,"standard_error":0.6434176213903952},"MedianAbsDev":{"confidence_interval":{"confidence_level":0.95,"lower_bound":2.902259072546972,"upper_bound":4.646371927302647},"point_estimate":3.528043139275857,"standard_error":0.45770669306416184},"Slope":{"confidence_interval":{"confidence_level":0.95,"lower_bound":372.3479580372613,"upper_bound":374.3820360029575},"point_estimate":373.2867834306921,"standard_error":0.5195709377260327},"StdDev":{"confidence_interval":{"confidence_level":0.95,"lower_bound":3.820409886704813,"upper_bound":7.700781011559233},"point_estimate":5.70159180506762,"standard_error":1.0348752578626645}}