{"Mean":{"confidence_interval":{"confidence_level":0.95,"lower_bound":1878234.4986419752,"upper_bound":1888694.7479012343},"point_estimate":1882692.2067548498,"standard_error":2703.104424541261},"Median":{"confidence_interval":{"confidence_level":0.95,"lower_bound":1877742.098148148,"upper_bound":1885949.9047619049},"point_estimate":1878398.7037037038,"standard_error":2168.6395636974758},"MedianAbsDev":{"confidence_interval":{"confidence_level":0.95,"lower_bound":268.38903301293016,"upper_bound":10983.61402389065},"point_estimate":1185.2798456237977,"standard_error":2639.6678234711862},"Slope":{"confidence_interval":{"confidence_level":0.95,"lower_bound":1878128.5910067365,"upper_bound":1883794.827828534},"point_estimate":1880408.6861952862,"standard_error":1457.0099535758422},"StdDev":{"confidence_interval":{"confidence_level":0.95,"lower_bound":800.7861843613334,"upper_bound":12633.11901073709},"point_estimate":9014.45817747787,"standard_error":3089.479182400996}}