{"Mean":{"confidence_interval":{"confidence_level":0.95,"lower_bound":-0.04226279662896476,"upper_bound":-0.0026606770023321204},"point_estimate":-0.020890718347284842,"standard_error":0.010111821585509764},"Median":{"confidence_interval":{"confidence_level":0.95,"lower_bound":-0.029616876499841793,"upper_bound":-0.007259533529953122},"point_estimate":-0.01541153293700881,"standard_error":0.006354720202456657}}