{"Mean":{"confidence_interval":{"confidence_level":0.95,"lower_bound":17261953.489291668,"upper_bound":17319371.35134028},"point_estimate":17289138.35638889,"standard_error":14704.335870717687},"Median":{"confidence_interval":{"confidence_level":0.95,"lower_bound":17252910.719444446,"upper_bound":17324824.5},"point_estimate":17280396.083333336,"standard_error":17861.868667625167},"MedianAbsDev":{"confidence_interval":{"confidence_level":0.95,"lower_bound":8823.446643353429,"upper_bound":84892.27425952815},"point_estimate":40443.69024448189,"standard_error":18467.717126817726},"Slope":{"confidence_interval":{"confidence_level":0.95,"lower_bound":17253394.511586454,"upper_bound":17326797.39438636},"point_estimate":17283575.21948052,"standard_error":18671.230776167646},"StdDev":{"confidence_interval":{"confidence_level":0.95,"lower_bound":23217.492424902783,"upper_bound":62227.91661449048},"point_estimate":48940.89807661805,"standard_error":9955.562589326168}}