{"Mean":{"confidence_interval":{"confidence_level":0.95,"lower_bound":-0.4910787983119386,"upper_bound":-0.4883099752954746},"point_estimate":-0.4899769028062376,"standard_error":0.0007493177536157839},"Median":{"confidence_interval":{"confidence_level":0.95,"lower_bound":-0.4916109190583321,"upper_bound":-0.4903354384059708},"point_estimate":-0.4909415527517773,"standard_error":0.0003160333517977113}}