{"Mean":{"confidence_interval":{"confidence_level":0.95,"lower_bound":93.04084822885665,"upper_bound":93.61967806071333},"point_estimate":93.31690214816706,"standard_error":0.14716937058021937},"Median":{"confidence_interval":{"confidence_level":0.95,"lower_bound":92.87770472951348,"upper_bound":93.36795051351142},"point_estimate":93.1103053878077,"standard_error":0.1378416825690145},"MedianAbsDev":{"confidence_interval":{"confidence_level":0.95,"lower_bound":0.7453669433914211,"upper_bound":1.287653825259755},"point_estimate":1.0206509966680126,"standard_error":0.1407606472243983},"Slope":{"confidence_interval":{"confidence_level":0.95,"lower_bound":93.43872143733218,"upper_bound":94.52182877021566},"point_estimate":93.9353797016069,"standard_error":0.27755631287127003},"StdDev":{"confidence_interval":{"confidence_level":0.95,"lower_bound":0.9920672822753465,"upper_bound":1.9688210518765434},"point_estimate":1.4771699277498924,"standard_error":0.2547865425415329}}