{"Mean":{"confidence_interval":{"confidence_level":0.95,"lower_bound":80.11310327909436,"upper_bound":84.1678253369592},"point_estimate":81.8054672913419,"standard_error":1.0568035162579703},"Median":{"confidence_interval":{"confidence_level":0.95,"lower_bound":79.57225057862387,"upper_bound":80.15439214777835},"point_estimate":79.74688569714507,"standard_error":0.14489126727558385},"MedianAbsDev":{"confidence_interval":{"confidence_level":0.95,"lower_bound":0.6703917913232968,"upper_bound":1.3576443925804669},"point_estimate":0.9373615545025182,"standard_error":0.16767193315625187},"Slope":{"confidence_interval":{"confidence_level":0.95,"lower_bound":79.63796762032814,"upper_bound":80.19128422930721},"point_estimate":79.88381178180781,"standard_error":0.1416208418165218},"StdDev":{"confidence_interval":{"confidence_level":0.95,"lower_bound":1.1694070426369603,"upper_bound":16.76202750001559},"point_estimate":10.665727540375078,"standard_error":4.001149582986985}}