{"Mean":{"confidence_interval":{"confidence_level":0.95,"lower_bound":1513.8303354340544,"upper_bound":1524.0995940299238},"point_estimate":1518.4246830534073,"standard_error":2.6234250505359538},"Median":{"confidence_interval":{"confidence_level":0.95,"lower_bound":1510.8483063328424,"upper_bound":1517.121577138723},"point_estimate":1513.537461661579,"standard_error":1.475781635920309},"MedianAbsDev":{"confidence_interval":{"confidence_level":0.95,"lower_bound":11.471140414766444,"upper_bound":18.89684130978488},"point_estimate":14.784896728320875,"standard_error":1.7989934191093193},"Slope":{"confidence_interval":{"confidence_level":0.95,"lower_bound":1512.782617722565,"upper_bound":1528.560979106348},"point_estimate":1519.0024187346417,"standard_error":4.148540138021483},"StdDev":{"confidence_interval":{"confidence_level":0.95,"lower_bound":14.61734469223317,"upper_bound":38.59905324833519},"point_estimate":26.28422990103342,"standard_error":6.864109853522957}}