{"Mean":{"confidence_interval":{"confidence_level":0.95,"lower_bound":1714831.6495342262,"upper_bound":1727522.07412415},"point_estimate":1720991.4693622452,"standard_error":3255.249776552675},"Median":{"confidence_interval":{"confidence_level":0.95,"lower_bound":1711326.3,"upper_bound":1729920.1607142857},"point_estimate":1720309.8407738097,"standard_error":4195.354787998079},"MedianAbsDev":{"confidence_interval":{"confidence_level":0.95,"lower_bound":1603.2793251077221,"upper_bound":17778.327539371636},"point_estimate":13783.628702791615,"standard_error":4502.170822619478},"Slope":{"confidence_interval":{"confidence_level":0.95,"lower_bound":1712264.6470102496,"upper_bound":1720338.0044307197},"point_estimate":1716292.130148423,"standard_error":2041.3903665660614},"StdDev":{"confidence_interval":{"confidence_level":0.95,"lower_bound":5758.887325636297,"upper_bound":13702.576937717442},"point_estimate":10842.176820700062,"standard_error":2011.5232419075458}}