{"Mean":{"confidence_interval":{"confidence_level":0.95,"lower_bound":-0.623169376700761,"upper_bound":-0.6179014348397027},"point_estimate":-0.6207717118660883,"standard_error":0.0013734302071299932},"Median":{"confidence_interval":{"confidence_level":0.95,"lower_bound":-0.6245772901609192,"upper_bound":-0.6194907316686697},"point_estimate":-0.6209894994914134,"standard_error":0.001138798731833875}}