{"Mean":{"confidence_interval":{"confidence_level":0.95,"lower_bound":1194.2757252303081,"upper_bound":1195.2994573541864},"point_estimate":1194.7672280759691,"standard_error":0.2607996236026987},"Median":{"confidence_interval":{"confidence_level":0.95,"lower_bound":1193.7505904183536,"upper_bound":1194.6641902834008},"point_estimate":1194.148478991747,"standard_error":0.24516975884500752},"MedianAbsDev":{"confidence_interval":{"confidence_level":0.95,"lower_bound":1.3441887779448884,"upper_bound":2.2388572396902005},"point_estimate":1.8606381083901304,"standard_error":0.2326043352283793},"Slope":{"confidence_interval":{"confidence_level":0.95,"lower_bound":1194.1877974683268,"upper_bound":1195.0794677848942},"point_estimate":1194.62501440367,"standard_error":0.2282901740829513},"StdDev":{"confidence_interval":{"confidence_level":0.95,"lower_bound":1.9593302424501644,"upper_bound":3.2866889362637064},"point_estimate":2.6291410505505595,"standard_error":0.34270448899327083}}