{"Mean":{"confidence_interval":{"confidence_level":0.95,"lower_bound":354.05898588622097,"upper_bound":355.96979090574524},"point_estimate":354.9787244725696,"standard_error":0.48830343806371324},"Median":{"confidence_interval":{"confidence_level":0.95,"lower_bound":353.57453447923064,"upper_bound":355.16785150861074},"point_estimate":354.6086434369123,"standard_error":0.3947112258150665},"MedianAbsDev":{"confidence_interval":{"confidence_level":0.95,"lower_bound":2.6261557673298963,"upper_bound":4.171161480979523},"point_estimate":3.2459658414044603,"standard_error":0.38822772734030897},"Slope":{"confidence_interval":{"confidence_level":0.95,"lower_bound":355.55189661179674,"upper_bound":357.9547311203357},"point_estimate":356.718875563651,"standard_error":0.6121909902935353},"StdDev":{"confidence_interval":{"confidence_level":0.95,"lower_bound":3.591752954183116,"upper_bound":6.149593537533559},"point_estimate":4.909427493651524,"standard_error":0.6586988225667558}}