{"Mean":{"confidence_interval":{"confidence_level":0.95,"lower_bound":16053594.31894494,"upper_bound":16193557.06087649},"point_estimate":16117012.57831349,"standard_error":35995.5424360701},"Median":{"confidence_interval":{"confidence_level":0.95,"lower_bound":16034318.305555556,"upper_bound":16182345.34375},"point_estimate":16100443.058333334,"standard_error":30502.16789511911},"MedianAbsDev":{"confidence_interval":{"confidence_level":0.95,"lower_bound":4816.170416996435,"upper_bound":186362.12172266096},"point_estimate":61261.670430720435,"standard_error":48630.533480385384},"Slope":{"confidence_interval":{"confidence_level":0.95,"lower_bound":16073567.529310346,"upper_bound":16170606.042735042},"point_estimate":16110249.305194804,"standard_error":24799.861418500037},"StdDev":{"confidence_interval":{"confidence_level":0.95,"lower_bound":43604.2490768806,"upper_bound":162850.48215210062},"point_estimate":119805.22481216777,"standard_error":32770.92025518058}}