{"Mean":{"confidence_interval":{"confidence_level":0.95,"lower_bound":0.07421254919783082,"upper_bound":0.1286653291313182},"point_estimate":0.09282684841117006,"standard_error":0.0170397691679295},"Median":{"confidence_interval":{"confidence_level":0.95,"lower_bound":0.0757904615568421,"upper_bound":0.07738383531207282},"point_estimate":0.07630012976849687,"standard_error":0.0003916924234593301}}