{"Mean":{"confidence_interval":{"confidence_level":0.95,"lower_bound":44.82676871762518,"upper_bound":45.22500213763667},"point_estimate":45.002835497063636,"standard_error":0.10238660146997051},"Median":{"confidence_interval":{"confidence_level":0.95,"lower_bound":44.72253778718259,"upper_bound":44.96982491947905},"point_estimate":44.85323015297618,"standard_error":0.06084047245172056},"MedianAbsDev":{"confidence_interval":{"confidence_level":0.95,"lower_bound":0.37157153672670706,"upper_bound":0.5975255755205484},"point_estimate":0.4630087900979935,"standard_error":0.06019416870444163},"Slope":{"confidence_interval":{"confidence_level":0.95,"lower_bound":44.88930753460556,"upper_bound":45.54770007478412},"point_estimate":45.174155810999714,"standard_error":0.16982481581504005},"StdDev":{"confidence_interval":{"confidence_level":0.95,"lower_bound":0.5260205616268023,"upper_bound":1.534893794393064},"point_estimate":1.0267456783928548,"standard_error":0.29291667268226335}}