{"Mean":{"confidence_interval":{"confidence_level":0.95,"lower_bound":1549867.0546316965,"upper_bound":1562633.7330069754},"point_estimate":1555438.8790587797,"standard_error":3309.698863594171},"Median":{"confidence_interval":{"confidence_level":0.95,"lower_bound":1547603.99609375,"upper_bound":1560801.8404947915},"point_estimate":1553170.1171875,"standard_error":2981.578666223665},"MedianAbsDev":{"confidence_interval":{"confidence_level":0.95,"lower_bound":921.6178992632088,"upper_bound":12479.738947190344},"point_estimate":7542.446896563525,"standard_error":3615.285932950548},"Slope":{"confidence_interval":{"confidence_level":0.95,"lower_bound":1549207.01149055,"upper_bound":1561794.1444035948},"point_estimate":1554043.303327922,"standard_error":3189.4104426505482},"StdDev":{"confidence_interval":{"confidence_level":0.95,"lower_bound":3152.184922626219,"upper_bound":15430.464116403808},"point_estimate":11029.587676778327,"standard_error":3464.404971136199}}