{"Mean":{"confidence_interval":{"confidence_level":0.95,"lower_bound":291.17193290850673,"upper_bound":292.5351823451261},"point_estimate":291.83346524749646,"standard_error":0.34697408921709033},"Median":{"confidence_interval":{"confidence_level":0.95,"lower_bound":291.17238756613756,"upper_bound":292.3320328407225},"point_estimate":291.7219189831105,"standard_error":0.29903473164412053},"MedianAbsDev":{"confidence_interval":{"confidence_level":0.95,"lower_bound":2.0347106108978275,"upper_bound":3.3939747614504907},"point_estimate":2.6467076301666084,"standard_error":0.354830466886466},"Slope":{"confidence_interval":{"confidence_level":0.95,"lower_bound":291.3980458665085,"upper_bound":292.48510816412556},"point_estimate":291.933689901951,"standard_error":0.278547499846694},"StdDev":{"confidence_interval":{"confidence_level":0.95,"lower_bound":2.5207986512219107,"upper_bound":4.514388455728879},"point_estimate":3.4853294510685857,"standard_error":0.5227348106387388}}