{"Mean":{"confidence_interval":{"confidence_level":0.95,"lower_bound":-0.035340719117748005,"upper_bound":-0.024902564803355925},"point_estimate":-0.02987006168952744,"standard_error":0.0026703455519761976},"Median":{"confidence_interval":{"confidence_level":0.95,"lower_bound":-0.031965234277088306,"upper_bound":-0.023138388207228126},"point_estimate":-0.026714206170508126,"standard_error":0.002227127423040845}}