{"Mean":{"confidence_interval":{"confidence_level":0.95,"lower_bound":39.82722984459172,"upper_bound":39.973849528208596},"point_estimate":39.90057784930518,"standard_error":0.037324186549839336},"Median":{"confidence_interval":{"confidence_level":0.95,"lower_bound":39.83033216453644,"upper_bound":39.999802635679316},"point_estimate":39.926337857708404,"standard_error":0.03967354127675213},"MedianAbsDev":{"confidence_interval":{"confidence_level":0.95,"lower_bound":0.2296553367369563,"upper_bound":0.3781414394773713},"point_estimate":0.29398169559350873,"standard_error":0.03875868141587138},"Slope":{"confidence_interval":{"confidence_level":0.95,"lower_bound":39.83066215112921,"upper_bound":39.96880375258445},"point_estimate":39.89702617500075,"standard_error":0.03529352087333331},"StdDev":{"confidence_interval":{"confidence_level":0.95,"lower_bound":0.30745170938031036,"upper_bound":0.4378465863734501},"point_estimate":0.375178290389976,"standard_error":0.03334630896307464}}