{"Mean":{"confidence_interval":{"confidence_level":0.95,"lower_bound":-0.016352043228141246,"upper_bound":0.0023245140104970526},"point_estimate":-0.0060041788778075755,"standard_error":0.004799590366838618},"Median":{"confidence_interval":{"confidence_level":0.95,"lower_bound":-0.005011465171985141,"upper_bound":0.0031809621758700063},"point_estimate":-0.001667136508144318,"standard_error":0.0020958653714121035}}