{"Mean":{"confidence_interval":{"confidence_level":0.95,"lower_bound":15188759.893690476,"upper_bound":16006246.36284722},"point_estimate":15507462.305357143,"standard_error":225205.6056094702},"Median":{"confidence_interval":{"confidence_level":0.95,"lower_bound":15151688.0,"upper_bound":15504801.263888888},"point_estimate":15261261.714285715,"standard_error":108146.21035758388},"MedianAbsDev":{"confidence_interval":{"confidence_level":0.95,"lower_bound":36309.379322046545,"upper_bound":484142.49631725065},"point_estimate":188694.76994999903,"standard_error":130718.70565715613},"Slope":{"confidence_interval":{"confidence_level":0.95,"lower_bound":15128251.141020767,"upper_bound":15564559.699689519},"point_estimate":15292902.232900433,"standard_error":112923.93532201962},"StdDev":{"confidence_interval":{"confidence_level":0.95,"lower_bound":105329.34716553737,"upper_bound":1142284.6778960533},"point_estimate":751490.2025119303,"standard_error":338711.72392292024}}