{"Mean":{"confidence_interval":{"confidence_level":0.95,"lower_bound":58.73282998889279,"upper_bound":58.80528486521746},"point_estimate":58.76701323904835,"standard_error":0.018537901772834514},"Median":{"confidence_interval":{"confidence_level":0.95,"lower_bound":58.695665351804834,"upper_bound":58.73653351276058},"point_estimate":58.716651455056265,"standard_error":0.009054777612024863},"MedianAbsDev":{"confidence_interval":{"confidence_level":0.95,"lower_bound":0.07680221038660921,"upper_bound":0.13777344812208148},"point_estimate":0.10854772970694111,"standard_error":0.014783851746022156},"Slope":{"confidence_interval":{"confidence_level":0.95,"lower_bound":58.700819785749644,"upper_bound":58.74506691102764},"point_estimate":58.72222574644266,"standard_error":0.011285591182913125},"StdDev":{"confidence_interval":{"confidence_level":0.95,"lower_bound":0.1297415720565094,"upper_bound":0.23982276191485133},"point_estimate":0.18637520689019565,"standard_error":0.02841351584040761}}