{"Mean":{"confidence_interval":{"confidence_level":0.95,"lower_bound":79.65500773578961,"upper_bound":80.30934263232659},"point_estimate":79.93420153030517,"standard_error":0.16874609496414855},"Median":{"confidence_interval":{"confidence_level":0.95,"lower_bound":79.50332972538976,"upper_bound":79.58274372130705},"point_estimate":79.52684850600622,"standard_error":0.019175567170055512},"MedianAbsDev":{"confidence_interval":{"confidence_level":0.95,"lower_bound":0.13351392626791467,"upper_bound":0.24244045460151656},"point_estimate":0.17900552858982638,"standard_error":0.02649413831498975},"Slope":{"confidence_interval":{"confidence_level":0.95,"lower_bound":79.81116718185714,"upper_bound":81.46314132286247},"point_estimate":80.5580529536019,"standard_error":0.42457993953076134},"StdDev":{"confidence_interval":{"confidence_level":0.95,"lower_bound":0.6643889876814343,"upper_bound":2.611828375842176},"point_estimate":1.6980987493037134,"standard_error":0.5446874476225374}}