{"Mean":{"confidence_interval":{"confidence_level":0.95,"lower_bound":-0.50392379483517,"upper_bound":-0.5006452928868077},"point_estimate":-0.5022904367803978,"standard_error":0.0008413944469556361},"Median":{"confidence_interval":{"confidence_level":0.95,"lower_bound":-0.5044284213807287,"upper_bound":-0.4995594071115589},"point_estimate":-0.502425293697678,"standard_error":0.0013399404734457693}}