{"Mean":{"confidence_interval":{"confidence_level":0.95,"lower_bound":1574.6448181927144,"upper_bound":1584.027333011396},"point_estimate":1578.9081239608352,"standard_error":2.4003362706312497},"Median":{"confidence_interval":{"confidence_level":0.95,"lower_bound":1573.4866916674289,"upper_bound":1578.9538414172034},"point_estimate":1575.0066304514712,"standard_error":1.467662034184},"MedianAbsDev":{"confidence_interval":{"confidence_level":0.95,"lower_bound":9.044994007266705,"upper_bound":14.993333229493981},"point_estimate":12.481256684864519,"standard_error":1.5620614370906956},"Slope":{"confidence_interval":{"confidence_level":0.95,"lower_bound":1578.0104975768074,"upper_bound":1587.5119656674408},"point_estimate":1582.4451291119055,"standard_error":2.4312515657091827},"StdDev":{"confidence_interval":{"confidence_level":0.95,"lower_bound":13.595827951064885,"upper_bound":35.189079295965215},"point_estimate":24.150615279623615,"standard_error":6.073379128976055}}