{"Mean":{"confidence_interval":{"confidence_level":0.95,"lower_bound":-0.4119085445438627,"upper_bound":-0.38500058405074894},"point_estimate":-0.40106375893409063,"standard_error":0.007114845002802856},"Median":{"confidence_interval":{"confidence_level":0.95,"lower_bound":-0.41071416478591805,"upper_bound":-0.39792502508488514},"point_estimate":-0.40347983865931747,"standard_error":0.0032233052140952976}}