{"Mean":{"confidence_interval":{"confidence_level":0.95,"lower_bound":317.5599702294561,"upper_bound":319.249468768747},"point_estimate":318.3779626125578,"standard_error":0.4314839282388273},"Median":{"confidence_interval":{"confidence_level":0.95,"lower_bound":317.25145212828807,"upper_bound":318.511946655495},"point_estimate":317.9947980670763,"standard_error":0.358907608055542},"MedianAbsDev":{"confidence_interval":{"confidence_level":0.95,"lower_bound":2.1296280214282155,"upper_bound":3.688143258064142},"point_estimate":2.911207593495473,"standard_error":0.3991646030173172},"Slope":{"confidence_interval":{"confidence_level":0.95,"lower_bound":317.88754578988136,"upper_bound":320.10599101114644},"point_estimate":318.87010236902364,"standard_error":0.5690642067895079},"StdDev":{"confidence_interval":{"confidence_level":0.95,"lower_bound":3.2490660205192197,"upper_bound":5.374124155527046},"point_estimate":4.342175058348007,"standard_error":0.5465519193117873}}