{"Mean":{"confidence_interval":{"confidence_level":0.95,"lower_bound":0.025831061718993138,"upper_bound":0.026685182267110252},"point_estimate":0.026230363162224934,"standard_error":0.00021868887473093412},"Median":{"confidence_interval":{"confidence_level":0.95,"lower_bound":0.026335368188756814,"upper_bound":0.026905419290316868},"point_estimate":0.02659694720743566,"standard_error":0.00014520971465239416}}