{"Mean":{"confidence_interval":{"confidence_level":0.95,"lower_bound":1876973.5196373458,"upper_bound":1889744.7221781302},"point_estimate":1883007.1712522046,"standard_error":3295.289483998563},"Median":{"confidence_interval":{"confidence_level":0.95,"lower_bound":1872882.9259259258,"upper_bound":1892631.4351851852},"point_estimate":1880001.3086419753,"standard_error":4590.7789326828415},"MedianAbsDev":{"confidence_interval":{"confidence_level":0.95,"lower_bound":788.5509971118265,"upper_bound":18065.798379268013},"point_estimate":10800.457100846106,"standard_error":4366.43505554268},"Slope":{"confidence_interval":{"confidence_level":0.95,"lower_bound":1878843.1585445094,"upper_bound":1894621.3002823868},"point_estimate":1886194.096873497,"standard_error":4003.8028915537625},"StdDev":{"confidence_interval":{"confidence_level":0.95,"lower_bound":4546.739560586225,"upper_bound":13556.796433037642},"point_estimate":10982.86161691418,"standard_error":2095.2444737402234}}