{"Mean":{"confidence_interval":{"confidence_level":0.95,"lower_bound":116.13854586825069,"upper_bound":116.89104415970907},"point_estimate":116.50770472143253,"standard_error":0.19197695827298397},"Median":{"confidence_interval":{"confidence_level":0.95,"lower_bound":115.80984046268615,"upper_bound":116.87620055621669},"point_estimate":116.4039376340496,"standard_error":0.25169799203405296},"MedianAbsDev":{"confidence_interval":{"confidence_level":0.95,"lower_bound":1.360658244747483,"upper_bound":2.1123007215645107},"point_estimate":1.6408058741790732,"standard_error":0.18950978245200645},"Slope":{"confidence_interval":{"confidence_level":0.95,"lower_bound":116.93327971964398,"upper_bound":117.81544461147837},"point_estimate":117.37513780925836,"standard_error":0.22457091774768895},"StdDev":{"confidence_interval":{"confidence_level":0.95,"lower_bound":1.5761939053562786,"upper_bound":2.2952566360975983},"point_estimate":1.9338803195942138,"standard_error":0.18469036254631718}}