{"Mean":{"confidence_interval":{"confidence_level":0.95,"lower_bound":41.1529669505999,"upper_bound":41.606141756734324},"point_estimate":41.35850565476809,"standard_error":0.11624436486665528},"Median":{"confidence_interval":{"confidence_level":0.95,"lower_bound":40.98420990826793,"upper_bound":41.18364273268571},"point_estimate":41.125028239345,"standard_error":0.05552863712815512},"MedianAbsDev":{"confidence_interval":{"confidence_level":0.95,"lower_bound":0.3956852744515245,"upper_bound":0.7619397199400082},"point_estimate":0.5934666797059615,"standard_error":0.09766901526157477},"Slope":{"confidence_interval":{"confidence_level":0.95,"lower_bound":40.92456753183813,"upper_bound":41.43485034318337},"point_estimate":41.15364167083887,"standard_error":0.13103730957770854},"StdDev":{"confidence_interval":{"confidence_level":0.95,"lower_bound":0.6788798953790486,"upper_bound":1.6699497157854684},"point_estimate":1.1679977133118078,"standard_error":0.2752496454808393}}