{"Mean":{"confidence_interval":{"confidence_level":0.95,"lower_bound":1620908.4087442397,"upper_bound":1648180.2538210447},"point_estimate":1631230.7500396827,"standard_error":7667.762026686768},"Median":{"confidence_interval":{"confidence_level":0.95,"lower_bound":1618454.1566308243,"upper_bound":1629837.0870967743},"point_estimate":1623707.4442204302,"standard_error":3461.680339194213},"MedianAbsDev":{"confidence_interval":{"confidence_level":0.95,"lower_bound":1702.3481633257097,"upper_bound":13275.748832588093},"point_estimate":7731.3053146773855,"standard_error":3557.6530127446595},"Slope":{"confidence_interval":{"confidence_level":0.95,"lower_bound":1619724.2257692392,"upper_bound":1627338.4116788693},"point_estimate":1623462.6604943443,"standard_error":2033.7203372281938},"StdDev":{"confidence_interval":{"confidence_level":0.95,"lower_bound":3571.195495998333,"upper_bound":39162.30394867553},"point_estimate":25569.942922420767,"standard_error":12236.861858052693}}