{"Mean":{"confidence_interval":{"confidence_level":0.95,"lower_bound":0.030504149666497313,"upper_bound":0.04399838278262525},"point_estimate":0.037353862102898594,"standard_error":0.00343074645581909},"Median":{"confidence_interval":{"confidence_level":0.95,"lower_bound":0.033608148273634564,"upper_bound":0.04200959140807359},"point_estimate":0.03768114400982281,"standard_error":0.0021625408888466843}}