{"Mean":{"confidence_interval":{"confidence_level":0.95,"lower_bound":22.18449764354713,"upper_bound":22.332414890088486},"point_estimate":22.255687864319274,"standard_error":0.037639442774282446},"Median":{"confidence_interval":{"confidence_level":0.95,"lower_bound":22.129044421803798,"upper_bound":22.257735003727607},"point_estimate":22.167282338553996,"standard_error":0.037258285153880445},"MedianAbsDev":{"confidence_interval":{"confidence_level":0.95,"lower_bound":0.19637235094342176,"upper_bound":0.34348573115500636},"point_estimate":0.2582324700327206,"standard_error":0.04094703754105699},"Slope":{"confidence_interval":{"confidence_level":0.95,"lower_bound":22.216755982218398,"upper_bound":22.365624327355885},"point_estimate":22.289507710216704,"standard_error":0.03796550810254854},"StdDev":{"confidence_interval":{"confidence_level":0.95,"lower_bound":0.29213905444232685,"upper_bound":0.4561078236504748},"point_estimate":0.3769752215539697,"standard_error":0.04200636684131443}}