{"Mean":{"confidence_interval":{"confidence_level":0.95,"lower_bound":325.4093422317487,"upper_bound":336.00741662558613},"point_estimate":330.2256554427943,"standard_error":2.7137546909542296},"Median":{"confidence_interval":{"confidence_level":0.95,"lower_bound":320.00445198335586,"upper_bound":323.9330364346339},"point_estimate":322.5496097484472,"standard_error":1.0091306098616974},"MedianAbsDev":{"confidence_interval":{"confidence_level":0.95,"lower_bound":5.241576859375083,"upper_bound":10.277431700062113},"point_estimate":7.371044589126384,"standard_error":1.322691460808791},"Slope":{"confidence_interval":{"confidence_level":0.95,"lower_bound":326.27750698437904,"upper_bound":337.162404595672},"point_estimate":331.0754004532111,"standard_error":2.783634910080853},"StdDev":{"confidence_interval":{"confidence_level":0.95,"lower_bound":15.868228234227578,"upper_bound":37.768279798224775},"point_estimate":27.27997887073448,"standard_error":5.6719388848380605}}