{"Mean":{"confidence_interval":{"confidence_level":0.95,"lower_bound":269.73988139851855,"upper_bound":273.03566914959896},"point_estimate":271.2553566470148,"standard_error":0.8452731845807143},"Median":{"confidence_interval":{"confidence_level":0.95,"lower_bound":268.9039588435919,"upper_bound":270.4368380263498},"point_estimate":269.41186315825416,"standard_error":0.36312073856917165},"MedianAbsDev":{"confidence_interval":{"confidence_level":0.95,"lower_bound":2.5258810930423548,"upper_bound":4.383578589316237},"point_estimate":3.4983809000045305,"standard_error":0.46321062823752424},"Slope":{"confidence_interval":{"confidence_level":0.95,"lower_bound":269.6505454464046,"upper_bound":274.3397612414425},"point_estimate":271.7407689267483,"standard_error":1.2046537684716767},"StdDev":{"confidence_interval":{"confidence_level":0.95,"lower_bound":4.9136209293976965,"upper_bound":11.580731316128576},"point_estimate":8.506505846903588,"standard_error":1.7081340972569226}}