{"Mean":{"confidence_interval":{"confidence_level":0.95,"lower_bound":174.8578584084622,"upper_bound":180.980281980152},"point_estimate":177.72353897966082,"standard_error":1.5700068696600156},"Median":{"confidence_interval":{"confidence_level":0.95,"lower_bound":170.3370702109217,"upper_bound":175.37633631898296},"point_estimate":171.61450831962804,"standard_error":1.3172847661118143},"MedianAbsDev":{"confidence_interval":{"confidence_level":0.95,"lower_bound":3.846246012328052,"upper_bound":9.368477406138815},"point_estimate":6.157130949880954,"standard_error":1.3507644307137878},"Slope":{"confidence_interval":{"confidence_level":0.95,"lower_bound":178.99385941709852,"upper_bound":187.76126864240575},"point_estimate":183.05903637001072,"standard_error":2.2446524074641476},"StdDev":{"confidence_interval":{"confidence_level":0.95,"lower_bound":10.5899711097306,"upper_bound":19.987958872443322},"point_estimate":15.766599897752583,"standard_error":2.3930942800037984}}