{"Mean":{"confidence_interval":{"confidence_level":0.95,"lower_bound":-0.04678108540497471,"upper_bound":0.0273063080449479},"point_estimate":-0.010278652951300149,"standard_error":0.01878692767964371},"Median":{"confidence_interval":{"confidence_level":0.95,"lower_bound":-0.03965681852722214,"upper_bound":0.01814007482512281},"point_estimate":-0.013003084866225922,"standard_error":0.014490891649739273}}