{"Mean":{"confidence_interval":{"confidence_level":0.95,"lower_bound":0.008278132281399574,"upper_bound":0.013110647920162071},"point_estimate":0.010765801529498464,"standard_error":0.0012320431030800267},"Median":{"confidence_interval":{"confidence_level":0.95,"lower_bound":0.00763620617130778,"upper_bound":0.013750910494892077},"point_estimate":0.009967396502862158,"standard_error":0.0018314084367649405}}