{"Mean":{"confidence_interval":{"confidence_level":0.95,"lower_bound":0.04258344695414263,"upper_bound":0.05189469695660996},"point_estimate":0.04733587999893252,"standard_error":0.002373083728209516},"Median":{"confidence_interval":{"confidence_level":0.95,"lower_bound":0.04517323154689756,"upper_bound":0.05373489961315703},"point_estimate":0.049774162409382594,"standard_error":0.0022378159456330595}}