{"Mean":{"confidence_interval":{"confidence_level":0.95,"lower_bound":109.45302029177174,"upper_bound":109.53981824552496},"point_estimate":109.49464532782174,"standard_error":0.022135076146079548},"Median":{"confidence_interval":{"confidence_level":0.95,"lower_bound":109.40409182227452,"upper_bound":109.49898802897809},"point_estimate":109.44055400987031,"standard_error":0.023249323788996377},"MedianAbsDev":{"confidence_interval":{"confidence_level":0.95,"lower_bound":0.12909446822766513,"upper_bound":0.21096503354874302},"point_estimate":0.16577858746199606,"standard_error":0.021253527927682564},"Slope":{"confidence_interval":{"confidence_level":0.95,"lower_bound":109.45993271513674,"upper_bound":109.571736954531},"point_estimate":109.5148894727632,"standard_error":0.028510447103092515},"StdDev":{"confidence_interval":{"confidence_level":0.95,"lower_bound":0.1683250604287556,"upper_bound":0.28093675402200624},"point_estimate":0.2221449630456666,"standard_error":0.02958313473418808}}