{"Mean":{"confidence_interval":{"confidence_level":0.95,"lower_bound":3056263.642030812,"upper_bound":3351813.809264705},"point_estimate":3189607.950952381,"standard_error":76013.02913583092},"Median":{"confidence_interval":{"confidence_level":0.95,"lower_bound":3023140.4509803923,"upper_bound":3324863.051470588},"point_estimate":3086740.438235294,"standard_error":77610.95424012157},"MedianAbsDev":{"confidence_interval":{"confidence_level":0.95,"lower_bound":23828.16145196557,"upper_bound":359981.32029140694},"point_estimate":99606.22190045952,"standard_error":88456.47002040014},"Slope":{"confidence_interval":{"confidence_level":0.95,"lower_bound":3020915.288561027,"upper_bound":3104298.7298282143},"point_estimate":3057600.5966386553,"standard_error":21707.09852556083},"StdDev":{"confidence_interval":{"confidence_level":0.95,"lower_bound":59330.31865588618,"upper_bound":333910.85001130233},"point_estimate":253708.20836340106,"standard_error":68394.60357425822}}