{"Mean":{"confidence_interval":{"confidence_level":0.95,"lower_bound":-0.09581182469431343,"upper_bound":0.004618758580890707},"point_estimate":-0.03307498865848191,"standard_error":0.03073013610565508},"Median":{"confidence_interval":{"confidence_level":0.95,"lower_bound":0.009689264979420686,"upper_bound":0.023344750187436387},"point_estimate":0.016508614729005444,"standard_error":0.004719733212546134}}