{"Mean":{"confidence_interval":{"confidence_level":0.95,"lower_bound":387.4077845907645,"upper_bound":389.9337506936887},"point_estimate":388.5887916263336,"standard_error":0.6444649231238752},"Median":{"confidence_interval":{"confidence_level":0.95,"lower_bound":386.1035554943963,"upper_bound":388.3563095387973},"point_estimate":387.14213032431655,"standard_error":0.5960789497559562},"MedianAbsDev":{"confidence_interval":{"confidence_level":0.95,"lower_bound":3.1061117245032355,"upper_bound":5.294530551342946},"point_estimate":4.154818281266805,"standard_error":0.5287782806468486},"Slope":{"confidence_interval":{"confidence_level":0.95,"lower_bound":387.3152931021442,"upper_bound":390.3407883457597},"point_estimate":388.68658283173545,"standard_error":0.7731020902854454},"StdDev":{"confidence_interval":{"confidence_level":0.95,"lower_bound":4.314652214862613,"upper_bound":8.916379193510968},"point_estimate":6.487200376860401,"standard_error":1.3018491279247808}}