{"Mean":{"confidence_interval":{"confidence_level":0.95,"lower_bound":-0.04628716823813695,"upper_bound":-0.022520818351144136},"point_estimate":-0.033893713039705564,"standard_error":0.0060998696377691465},"Median":{"confidence_interval":{"confidence_level":0.95,"lower_bound":-0.045333407630801625,"upper_bound":-0.021076431931146944},"point_estimate":-0.03397316564001007,"standard_error":0.006874029817831466}}