{"Mean":{"confidence_interval":{"confidence_level":0.95,"lower_bound":0.0006157800473982567,"upper_bound":0.002567412471859358},"point_estimate":0.0015773294458725218,"standard_error":0.0004985249097311556},"Median":{"confidence_interval":{"confidence_level":0.95,"lower_bound":0.00035271392967661797,"upper_bound":0.0020991368535838747},"point_estimate":0.0011085550504770225,"standard_error":0.0004674962518330443}}