{"Mean":{"confidence_interval":{"confidence_level":0.95,"lower_bound":-0.07870845001252327,"upper_bound":-0.027999111409945696},"point_estimate":-0.051986132104176574,"standard_error":0.012938758896385632},"Median":{"confidence_interval":{"confidence_level":0.95,"lower_bound":-0.02802097727061509,"upper_bound":0.0011870859605642157},"point_estimate":-0.020475723570832383,"standard_error":0.008719844421590258}}