{"Mean":{"confidence_interval":{"confidence_level":0.95,"lower_bound":16932791.397867065,"upper_bound":17270141.900370367},"point_estimate":17073054.264338624,"standard_error":88713.26771435536},"Median":{"confidence_interval":{"confidence_level":0.95,"lower_bound":16913781.76190476,"upper_bound":17138191.041666668},"point_estimate":16943649.93888889,"standard_error":62728.823156131606},"MedianAbsDev":{"confidence_interval":{"confidence_level":0.95,"lower_bound":11497.5751508765,"upper_bound":292416.5533685697},"point_estimate":46528.051380629404,"standard_error":79160.94701773535},"Slope":{"confidence_interval":{"confidence_level":0.95,"lower_bound":16905166.345504668,"upper_bound":16967311.31862745},"point_estimate":16925276.96796537,"standard_error":16056.024737296373},"StdDev":{"confidence_interval":{"confidence_level":0.95,"lower_bound":33876.997273292814,"upper_bound":431196.7728951673},"point_estimate":295495.6664474206,"standard_error":111404.32687178152}}