{"Mean":{"confidence_interval":{"confidence_level":0.95,"lower_bound":1642815.7888467743,"upper_bound":1700149.4913620069},"point_estimate":1666035.4268996415,"standard_error":15438.68154873573},"Median":{"confidence_interval":{"confidence_level":0.95,"lower_bound":1638864.9870967742,"upper_bound":1675653.9838709678},"point_estimate":1649122.9569892474,"standard_error":10426.228692707049},"MedianAbsDev":{"confidence_interval":{"confidence_level":0.95,"lower_bound":2573.1893549619977,"upper_bound":43993.54292992631},"point_estimate":17734.579908535456,"standard_error":11634.224182000362},"Slope":{"confidence_interval":{"confidence_level":0.95,"lower_bound":1639028.8328315413,"upper_bound":1674725.0781189273},"point_estimate":1649517.5870967743,"standard_error":9498.033954354598},"StdDev":{"confidence_interval":{"confidence_level":0.95,"lower_bound":10684.754112494345,"upper_bound":76902.96803492613},"point_estimate":51313.07765620888,"standard_error":20996.26335973147}}