{"Mean":{"confidence_interval":{"confidence_level":0.95,"lower_bound":24729405.383309025,"upper_bound":24888684.465972222},"point_estimate":24815726.207718253,"standard_error":41019.884522973676},"Median":{"confidence_interval":{"confidence_level":0.95,"lower_bound":24708190.0,"upper_bound":24905025.0},"point_estimate":24856950.555555556,"standard_error":41247.165567860706},"MedianAbsDev":{"confidence_interval":{"confidence_level":0.95,"lower_bound":12514.491061156485,"upper_bound":199998.88168930786},"point_estimate":82184.88197425939,"standard_error":47766.5367746485},"Slope":{"confidence_interval":{"confidence_level":0.95,"lower_bound":24654907.486725662,"upper_bound":24860938.762055535},"point_estimate":24758541.27142857,"standard_error":55823.62168801825},"StdDev":{"confidence_interval":{"confidence_level":0.95,"lower_bound":43653.64857800258,"upper_bound":172852.24593642203},"point_estimate":137091.83914195618,"standard_error":32688.73987283045}}