{"Mean":{"confidence_interval":{"confidence_level":0.95,"lower_bound":2664.765554323311,"upper_bound":2704.82470682427},"point_estimate":2683.764013973971,"standard_error":10.25072416202339},"Median":{"confidence_interval":{"confidence_level":0.95,"lower_bound":2640.7216848664184,"upper_bound":2669.465056884142},"point_estimate":2652.7094953584506,"standard_error":6.734690972797077},"MedianAbsDev":{"confidence_interval":{"confidence_level":0.95,"lower_bound":41.32905946305944,"upper_bound":74.28101443027606},"point_estimate":61.000858929923766,"standard_error":8.659981903414009},"Slope":{"confidence_interval":{"confidence_level":0.95,"lower_bound":2650.137083823094,"upper_bound":2700.0036071015506},"point_estimate":2672.9232038505424,"standard_error":12.713859451785547},"StdDev":{"confidence_interval":{"confidence_level":0.95,"lower_bound":73.533323180661,"upper_bound":127.93115342371595},"point_estimate":102.89510295785387,"standard_error":13.887426287251378}}