{"Mean":{"confidence_interval":{"confidence_level":0.95,"lower_bound":6666847.663363095,"upper_bound":6702299.680074405},"point_estimate":6683423.3679761905,"standard_error":9109.649471820003},"Median":{"confidence_interval":{"confidence_level":0.95,"lower_bound":6657834.75,"upper_bound":6707397.714285715},"point_estimate":6673935.407738095,"standard_error":12997.959528274365},"MedianAbsDev":{"confidence_interval":{"confidence_level":0.95,"lower_bound":5698.611273829031,"upper_bound":49905.39705900181},"point_estimate":25975.094176349863,"standard_error":11768.025741753072},"Slope":{"confidence_interval":{"confidence_level":0.95,"lower_bound":6658377.365217391,"upper_bound":6677771.227574751},"point_estimate":6666568.5725417435,"standard_error":5031.761357082106},"StdDev":{"confidence_interval":{"confidence_level":0.95,"lower_bound":14438.646753328007,"upper_bound":38435.95944022563},"point_estimate":30475.734982488044,"standard_error":6119.119792258633}}