{"Mean":{"confidence_interval":{"confidence_level":0.95,"lower_bound":-0.06722628517083379,"upper_bound":-0.052893438375155366},"point_estimate":-0.059652329260180714,"standard_error":0.003645345733256165},"Median":{"confidence_interval":{"confidence_level":0.95,"lower_bound":-0.061081419924867375,"upper_bound":-0.05500214596733255},"point_estimate":-0.05767669087423244,"standard_error":0.0015513244822876224}}