{"Mean":{"confidence_interval":{"confidence_level":0.95,"lower_bound":12930962.44388889,"upper_bound":13616248.27222222},"point_estimate":13232890.289537037,"standard_error":177438.26005856384},"Median":{"confidence_interval":{"confidence_level":0.95,"lower_bound":12822931.783333333,"upper_bound":13460690.166666666},"point_estimate":13087711.777777778,"standard_error":159381.6774741539},"MedianAbsDev":{"confidence_interval":{"confidence_level":0.95,"lower_bound":93489.2949402337,"upper_bound":777237.5924512753},"point_estimate":417355.7226404543,"standard_error":180521.6582960493},"Slope":{"confidence_interval":{"confidence_level":0.95,"lower_bound":12728155.887744341,"upper_bound":13303044.911751574},"point_estimate":12953431.245887445,"standard_error":147557.94629894808},"StdDev":{"confidence_interval":{"confidence_level":0.95,"lower_bound":218691.45556736985,"upper_bound":839221.9520942995},"point_estimate":591159.1304423625,"standard_error":183674.21682464593}}