{"Mean":{"confidence_interval":{"confidence_level":0.95,"lower_bound":50.89997918268917,"upper_bound":51.59029960126687},"point_estimate":51.16543722283986,"standard_error":0.18893429243371757},"Median":{"confidence_interval":{"confidence_level":0.95,"lower_bound":50.916981288114144,"upper_bound":51.10328231299948},"point_estimate":51.004677562544984,"standard_error":0.043762620881954484},"MedianAbsDev":{"confidence_interval":{"confidence_level":0.95,"lower_bound":0.29639664158198764,"upper_bound":0.47421008521498026},"point_estimate":0.36446912771654416,"standard_error":0.04399639207417756},"Slope":{"confidence_interval":{"confidence_level":0.95,"lower_bound":50.997495188686536,"upper_bound":51.868148790483644},"point_estimate":51.30194457110511,"standard_error":0.24033207817823882},"StdDev":{"confidence_interval":{"confidence_level":0.95,"lower_bound":0.4643401336185463,"upper_bound":3.19264475058665},"point_estimate":1.9077748608511655,"standard_error":0.9285483563632624}}