{"Mean":{"confidence_interval":{"confidence_level":0.95,"lower_bound":-0.0373195866533884,"upper_bound":-0.01834259404639679},"point_estimate":-0.02767560445130368,"standard_error":0.004844751549314318},"Median":{"confidence_interval":{"confidence_level":0.95,"lower_bound":-0.03673349439873508,"upper_bound":-0.016019238581951978},"point_estimate":-0.02386500976033923,"standard_error":0.005358951901626756}}