{"Mean":{"confidence_interval":{"confidence_level":0.95,"lower_bound":0.01321616932204866,"upper_bound":0.01961735527125067},"point_estimate":0.016550115049226433,"standard_error":0.001629264516160414},"Median":{"confidence_interval":{"confidence_level":0.95,"lower_bound":0.014129310767225345,"upper_bound":0.023020913477200367},"point_estimate":0.019005157322801614,"standard_error":0.0022654340153347046}}