{"Mean":{"confidence_interval":{"confidence_level":0.95,"lower_bound":0.000981121322946878,"upper_bound":0.009718483360484146},"point_estimate":0.004346558880881757,"standard_error":0.002243766095937823},"Median":{"confidence_interval":{"confidence_level":0.95,"lower_bound":-0.0008525810738596595,"upper_bound":0.001385166718032238},"point_estimate":0.00048227469121120414,"standard_error":0.0005819554607655116}}