{"Mean":{"confidence_interval":{"confidence_level":0.95,"lower_bound":25151083.046309523,"upper_bound":25200957.42302976},"point_estimate":25174380.671190478,"standard_error":12850.802902084546},"Median":{"confidence_interval":{"confidence_level":0.95,"lower_bound":25142316.875,"upper_bound":25207651.15},"point_estimate":25150149.964285716,"standard_error":19502.035584119145},"MedianAbsDev":{"confidence_interval":{"confidence_level":0.95,"lower_bound":2502.946455564212,"upper_bound":72483.34902316553},"point_estimate":21516.117393016633,"standard_error":19703.21062516983},"Slope":{"confidence_interval":{"confidence_level":0.95,"lower_bound":25145193.691490177,"upper_bound":25192273.986625377},"point_estimate":25167460.137662336,"standard_error":12749.855198402358},"StdDev":{"confidence_interval":{"confidence_level":0.95,"lower_bound":20014.641973078957,"upper_bound":53347.34759360822},"point_estimate":42864.83149292279,"standard_error":8576.371652757394}}