{"Mean":{"confidence_interval":{"confidence_level":0.95,"lower_bound":315.06985554040807,"upper_bound":315.52124638886045},"point_estimate":315.2963514206697,"standard_error":0.11517020195143245},"Median":{"confidence_interval":{"confidence_level":0.95,"lower_bound":315.0071547169811,"upper_bound":315.6219222222222},"point_estimate":315.2656049902534,"standard_error":0.1656073728661222},"MedianAbsDev":{"confidence_interval":{"confidence_level":0.95,"lower_bound":1.0093843498927473,"upper_bound":1.5229558266743488},"point_estimate":1.3149676256605005,"standard_error":0.13542813538081444},"Slope":{"confidence_interval":{"confidence_level":0.95,"lower_bound":314.72189021635023,"upper_bound":315.1492213385627},"point_estimate":314.93055228412396,"standard_error":0.10951265494164919},"StdDev":{"confidence_interval":{"confidence_level":0.95,"lower_bound":1.006917088267866,"upper_bound":1.287622103929236},"point_estimate":1.1514895095807878,"standard_error":0.07169074855617041}}