{"Mean":{"confidence_interval":{"confidence_level":0.95,"lower_bound":-0.04580624474395375,"upper_bound":-0.00849237173046805},"point_estimate":-0.027842980234047743,"standard_error":0.009486811802651289},"Median":{"confidence_interval":{"confidence_level":0.95,"lower_bound":-0.043386446688540414,"upper_bound":-0.00547607700744052},"point_estimate":-0.021807426045599376,"standard_error":0.009216436434686103}}