{"Mean":{"confidence_interval":{"confidence_level":0.95,"lower_bound":0.03573780145969393,"upper_bound":0.03675176327432847},"point_estimate":0.036242744626507006,"standard_error":0.00026002557744391315},"Median":{"confidence_interval":{"confidence_level":0.95,"lower_bound":0.035479539314290154,"upper_bound":0.036695810040410226},"point_estimate":0.03613635164576623,"standard_error":0.00032246545329457556}}