{"Mean":{"confidence_interval":{"confidence_level":0.95,"lower_bound":257.0764797813733,"upper_bound":257.7798508014454},"point_estimate":257.35586511369445,"standard_error":0.18584251239328287},"Median":{"confidence_interval":{"confidence_level":0.95,"lower_bound":256.9912319158264,"upper_bound":257.3086973487428},"point_estimate":257.22478248367156,"standard_error":0.08789780498637395},"MedianAbsDev":{"confidence_interval":{"confidence_level":0.95,"lower_bound":0.45782943780358915,"upper_bound":0.756518543097771},"point_estimate":0.6060609343639396,"standard_error":0.07632112914262948},"Slope":{"confidence_interval":{"confidence_level":0.95,"lower_bound":256.96176861656363,"upper_bound":257.2264716893307},"point_estimate":257.0924292160546,"standard_error":0.06735445892048243},"StdDev":{"confidence_interval":{"confidence_level":0.95,"lower_bound":0.6158017239663166,"upper_bound":3.079702406680394},"point_estimate":1.8753003224532168,"standard_error":0.8243440170706682}}