{"Mean":{"confidence_interval":{"confidence_level":0.95,"lower_bound":921.9926788787059,"upper_bound":923.0652373482712},"point_estimate":922.5233811598312,"standard_error":0.2735166576029745},"Median":{"confidence_interval":{"confidence_level":0.95,"lower_bound":922.0143410852713,"upper_bound":922.9971063886661},"point_estimate":922.6060989512084,"standard_error":0.24810817052298445},"MedianAbsDev":{"confidence_interval":{"confidence_level":0.95,"lower_bound":2.1942868455927784,"upper_bound":3.5428837529928296},"point_estimate":2.7435374499078833,"standard_error":0.3397493712126954},"Slope":{"confidence_interval":{"confidence_level":0.95,"lower_bound":922.9071394563805,"upper_bound":924.0981512106821},"point_estimate":923.4873242766137,"standard_error":0.304143288177308},"StdDev":{"confidence_interval":{"confidence_level":0.95,"lower_bound":2.309369657147622,"upper_bound":3.2409585368569824},"point_estimate":2.7529470588554794,"standard_error":0.2413229782957062}}