{"Mean":{"confidence_interval":{"confidence_level":0.95,"lower_bound":17226093.66281944,"upper_bound":17435339.73888889},"point_estimate":17334004.882777777,"standard_error":53836.76571501517},"Median":{"confidence_interval":{"confidence_level":0.95,"lower_bound":17121846.5,"upper_bound":17489871.444444444},"point_estimate":17381209.708333336,"standard_error":97324.88646156789},"MedianAbsDev":{"confidence_interval":{"confidence_level":0.95,"lower_bound":30823.026944448244,"upper_bound":286951.29450559616},"point_estimate":175236.29513059655,"standard_error":76024.16320458487},"Slope":{"confidence_interval":{"confidence_level":0.95,"lower_bound":17245208.17647059,"upper_bound":17473698.160601266},"point_estimate":17392586.623376623,"standard_error":58995.3240715609},"StdDev":{"confidence_interval":{"confidence_level":0.95,"lower_bound":103239.4703047693,"upper_bound":207290.15380432256},"point_estimate":178806.5671042204,"standard_error":25476.832709418235}}