{"Mean":{"confidence_interval":{"confidence_level":0.95,"lower_bound":-0.13390447279966605,"upper_bound":-0.1325527573003551},"point_estimate":-0.13322383832900386,"standard_error":0.0003459370277142162},"Median":{"confidence_interval":{"confidence_level":0.95,"lower_bound":-0.13386045964768822,"upper_bound":-0.13278085915754756},"point_estimate":-0.13322745147761184,"standard_error":0.00027442512559529937}}