{"Mean":{"confidence_interval":{"confidence_level":0.95,"lower_bound":12287715.634345239,"upper_bound":12479107.485},"point_estimate":12379854.213234127,"standard_error":49029.6320154557},"Median":{"confidence_interval":{"confidence_level":0.95,"lower_bound":12228594.864583332,"upper_bound":12528582.95},"point_estimate":12355662.857142858,"standard_error":73645.22177487791},"MedianAbsDev":{"confidence_interval":{"confidence_level":0.95,"lower_bound":39014.69552610024,"upper_bound":289393.3961172413},"point_estimate":160554.8365362494,"standard_error":66613.45105985244},"Slope":{"confidence_interval":{"confidence_level":0.95,"lower_bound":12309742.73434238,"upper_bound":12537236.24325882},"point_estimate":12428211.982467532,"standard_error":57994.621462873925},"StdDev":{"confidence_interval":{"confidence_level":0.95,"lower_bound":88143.76934676016,"upper_bound":200837.24407891408},"point_estimate":163982.4012320839,"standard_error":28520.877260405818}}