{"Mean":{"confidence_interval":{"confidence_level":0.95,"lower_bound":1549306.651978716,"upper_bound":1554472.24257215},"point_estimate":1551711.8008658008,"standard_error":1332.946867169695},"Median":{"confidence_interval":{"confidence_level":0.95,"lower_bound":1548550.0606060605,"upper_bound":1554497.643939394},"point_estimate":1550540.4437229438,"standard_error":1393.458416906345},"MedianAbsDev":{"confidence_interval":{"confidence_level":0.95,"lower_bound":288.78608578206666,"upper_bound":7049.816359689175},"point_estimate":3725.8700065799403,"standard_error":1747.7455307523398},"Slope":{"confidence_interval":{"confidence_level":0.95,"lower_bound":1549015.2396340433,"upper_bound":1556274.8737248818},"point_estimate":1552253.8414010233,"standard_error":1955.817169195318},"StdDev":{"confidence_interval":{"confidence_level":0.95,"lower_bound":1572.9485795658259,"upper_bound":5635.532751966107},"point_estimate":4440.285699356689,"standard_error":1019.1930598876521}}