{"Mean":{"confidence_interval":{"confidence_level":0.95,"lower_bound":-0.01371618620267082,"upper_bound":0.01317139315487581},"point_estimate":0.001053239536797923,"standard_error":0.006873827193184844},"Median":{"confidence_interval":{"confidence_level":0.95,"lower_bound":0.0009339278718378807,"upper_bound":0.011264009852120394},"point_estimate":0.006097755056933218,"standard_error":0.002514407438865677}}