{"Mean":{"confidence_interval":{"confidence_level":0.95,"lower_bound":451.458310944729,"upper_bound":464.10589572491483},"point_estimate":457.11412506222774,"standard_error":3.2487910843082735},"Median":{"confidence_interval":{"confidence_level":0.95,"lower_bound":443.4493169994213,"upper_bound":454.8509393055867},"point_estimate":448.44296906599584,"standard_error":2.9939133765454087},"MedianAbsDev":{"confidence_interval":{"confidence_level":0.95,"lower_bound":12.17197015549819,"upper_bound":23.353200274724824},"point_estimate":18.260652091126413,"standard_error":3.0125363365279783},"Slope":{"confidence_interval":{"confidence_level":0.95,"lower_bound":461.82397132505207,"upper_bound":477.2800053660267},"point_estimate":469.120499380419,"standard_error":3.957853004337238},"StdDev":{"confidence_interval":{"confidence_level":0.95,"lower_bound":17.51350062156559,"upper_bound":48.33127667900071},"point_estimate":32.7574901975847,"standard_error":8.936249707367304}}