{"Mean":{"confidence_interval":{"confidence_level":0.95,"lower_bound":-0.010158031631375419,"upper_bound":0.0017846253188740537},"point_estimate":-0.0042548649002820405,"standard_error":0.003050397528411426},"Median":{"confidence_interval":{"confidence_level":0.95,"lower_bound":-0.012048039772235009,"upper_bound":0.002472356131438813},"point_estimate":-0.006131070085162227,"standard_error":0.003570947860982545}}