{"Mean":{"confidence_interval":{"confidence_level":0.95,"lower_bound":38.380480640025866,"upper_bound":38.583710514711335},"point_estimate":38.481320037919055,"standard_error":0.05207244891722165},"Median":{"confidence_interval":{"confidence_level":0.95,"lower_bound":38.33418896305945,"upper_bound":38.535209444848},"point_estimate":38.44303743038682,"standard_error":0.04577006543663848},"MedianAbsDev":{"confidence_interval":{"confidence_level":0.95,"lower_bound":0.32251420489588545,"upper_bound":0.4922690039697276},"point_estimate":0.4103354278120595,"standard_error":0.044095493527333836},"Slope":{"confidence_interval":{"confidence_level":0.95,"lower_bound":38.39072296830497,"upper_bound":38.60632244717397},"point_estimate":38.49422450812761,"standard_error":0.05502371041540368},"StdDev":{"confidence_interval":{"confidence_level":0.95,"lower_bound":0.3961148302445516,"upper_bound":0.6457633647014117},"point_estimate":0.5236803702810795,"standard_error":0.06383671806896582}}