{"Mean":{"confidence_interval":{"confidence_level":0.95,"lower_bound":1952615.7848714285,"upper_bound":2029210.666507738},"point_estimate":1988547.4877190478,"standard_error":19724.41983293515},"Median":{"confidence_interval":{"confidence_level":0.95,"lower_bound":1934423.3041666667,"upper_bound":2022194.11},"point_estimate":1984026.6733333333,"standard_error":28873.727135917787},"MedianAbsDev":{"confidence_interval":{"confidence_level":0.95,"lower_bound":7748.128249043352,"upper_bound":118575.91789025684},"point_estimate":59758.18603608025,"standard_error":26824.57379163826},"Slope":{"confidence_interval":{"confidence_level":0.95,"lower_bound":1957950.7794713657,"upper_bound":2033932.9520414085},"point_estimate":1998198.1594805196,"standard_error":19144.603758740817},"StdDev":{"confidence_interval":{"confidence_level":0.95,"lower_bound":34742.519001468696,"upper_bound":87630.12159709119},"point_estimate":65782.0873147737,"standard_error":15094.1167605997}}