{"Mean":{"confidence_interval":{"confidence_level":0.95,"lower_bound":-0.03585061947357988,"upper_bound":-0.0060144970895062025},"point_estimate":-0.02039656371223142,"standard_error":0.007608532003783573},"Median":{"confidence_interval":{"confidence_level":0.95,"lower_bound":-0.04082887321033424,"upper_bound":-0.0000422114015591335},"point_estimate":-0.012994391521097826,"standard_error":0.010092272997251496}}