{"Mean":{"confidence_interval":{"confidence_level":0.95,"lower_bound":-0.003915022293890948,"upper_bound":0.013799684968447898},"point_estimate":0.00489595631712314,"standard_error":0.004655933105688315},"Median":{"confidence_interval":{"confidence_level":0.95,"lower_bound":-0.01145892998456155,"upper_bound":0.014445326279944215},"point_estimate":0.005197468978527242,"standard_error":0.00721760146853416}}