{"Mean":{"confidence_interval":{"confidence_level":0.95,"lower_bound":587681.2049616724,"upper_bound":597182.7882420152},"point_estimate":592408.9652293844,"standard_error":2422.466744672872},"Median":{"confidence_interval":{"confidence_level":0.95,"lower_bound":583553.6178861789,"upper_bound":597744.9321138212},"point_estimate":594755.1300813009,"standard_error":4413.518517328999},"MedianAbsDev":{"confidence_interval":{"confidence_level":0.95,"lower_bound":677.9164272329256,"upper_bound":15235.259965495687},"point_estimate":9602.764729516879,"standard_error":4099.375437298221},"Slope":{"confidence_interval":{"confidence_level":0.95,"lower_bound":584278.7257583584,"upper_bound":592907.3004766096},"point_estimate":586909.338961039,"standard_error":2247.1701928439666},"StdDev":{"confidence_interval":{"confidence_level":0.95,"lower_bound":5169.368287798458,"upper_bound":9913.597145633503},"point_estimate":8089.217105754327,"standard_error":1257.0675416839783}}