{"Mean":{"confidence_interval":{"confidence_level":0.95,"lower_bound":8091675.3260582015,"upper_bound":8171708.761090277},"point_estimate":8132945.868716931,"standard_error":20445.54578184766},"Median":{"confidence_interval":{"confidence_level":0.95,"lower_bound":8079508.061111111,"upper_bound":8177468.994444445},"point_estimate":8135335.5625,"standard_error":21724.78098015925},"MedianAbsDev":{"confidence_interval":{"confidence_level":0.95,"lower_bound":12053.51925350698,"upper_bound":117527.71789679909},"point_estimate":50544.00552349748,"standard_error":28904.843132725997},"Slope":{"confidence_interval":{"confidence_level":0.95,"lower_bound":8058308.3705028,"upper_bound":8149822.053639847},"point_estimate":8102848.98008658,"standard_error":23587.582806613344},"StdDev":{"confidence_interval":{"confidence_level":0.95,"lower_bound":31398.49783152498,"upper_bound":88163.05542230677},"point_estimate":67939.3760484741,"standard_error":14085.551659193541}}