{"Mean":{"confidence_interval":{"confidence_level":0.95,"lower_bound":-0.11659104709736379,"upper_bound":-0.015152231894469239},"point_estimate":-0.06672938765725944,"standard_error":0.025753143023277515},"Median":{"confidence_interval":{"confidence_level":0.95,"lower_bound":-0.11607285140812484,"upper_bound":-0.020239604330954952},"point_estimate":-0.06707759699416915,"standard_error":0.02291406957789141}}