{"Mean":{"confidence_interval":{"confidence_level":0.95,"lower_bound":45.295014844976436,"upper_bound":45.62224567009108},"point_estimate":45.44889209703811,"standard_error":0.08356704242311407},"Median":{"confidence_interval":{"confidence_level":0.95,"lower_bound":45.2036361789923,"upper_bound":45.39684948143508},"point_estimate":45.293189603271095,"standard_error":0.050947695953635255},"MedianAbsDev":{"confidence_interval":{"confidence_level":0.95,"lower_bound":0.29049231350472127,"upper_bound":0.5121049495251961},"point_estimate":0.40008015791583595,"standard_error":0.05420409399164776},"Slope":{"confidence_interval":{"confidence_level":0.95,"lower_bound":45.299051802701776,"upper_bound":45.71950981921408},"point_estimate":45.48661834816511,"standard_error":0.10836475737642196},"StdDev":{"confidence_interval":{"confidence_level":0.95,"lower_bound":0.5219559068659023,"upper_bound":1.1312530854789702},"point_estimate":0.8417703944380328,"standard_error":0.15772709487216685}}