{"Mean":{"confidence_interval":{"confidence_level":0.95,"lower_bound":30.542866526174457,"upper_bound":30.83024295986263},"point_estimate":30.676352334048698,"standard_error":0.07359771575229593},"Median":{"confidence_interval":{"confidence_level":0.95,"lower_bound":30.42613896957652,"upper_bound":30.59824006255022},"point_estimate":30.48063909492187,"standard_error":0.04998022203023567},"MedianAbsDev":{"confidence_interval":{"confidence_level":0.95,"lower_bound":0.28277540602442985,"upper_bound":0.440774239827389},"point_estimate":0.3666991328952481,"standard_error":0.039994483184254755},"Slope":{"confidence_interval":{"confidence_level":0.95,"lower_bound":30.504660560340994,"upper_bound":30.682545972533035},"point_estimate":30.590354926641698,"standard_error":0.04527550294325502},"StdDev":{"confidence_interval":{"confidence_level":0.95,"lower_bound":0.4687111391177977,"upper_bound":0.99070324576924},"point_estimate":0.7384539835160917,"standard_error":0.13556279978252547}}