{"Mean":{"confidence_interval":{"confidence_level":0.95,"lower_bound":2041.532297744246,"upper_bound":2095.140661853656},"point_estimate":2062.7350594725776,"standard_error":14.201779524276882},"Median":{"confidence_interval":{"confidence_level":0.95,"lower_bound":2030.5500978589776,"upper_bound":2046.650166356501},"point_estimate":2039.8210679749716,"standard_error":4.16863981037039},"MedianAbsDev":{"confidence_interval":{"confidence_level":0.95,"lower_bound":25.315721499844166,"upper_bound":46.8152499687777},"point_estimate":36.413334030886624,"standard_error":5.5329678366171215},"Slope":{"confidence_interval":{"confidence_level":0.95,"lower_bound":2033.06716383558,"upper_bound":2081.301137283164},"point_estimate":2052.2305856820717,"standard_error":12.610140285394198},"StdDev":{"confidence_interval":{"confidence_level":0.95,"lower_bound":41.77699960596105,"upper_bound":232.89457156920983},"point_estimate":142.25130568065975,"standard_error":61.659799575593894}}