{"Mean":{"confidence_interval":{"confidence_level":0.95,"lower_bound":262.4982584995554,"upper_bound":263.55252732149285},"point_estimate":263.02156067575527,"standard_error":0.2693161329602939},"Median":{"confidence_interval":{"confidence_level":0.95,"lower_bound":262.13557863443447,"upper_bound":263.5044986055601},"point_estimate":262.8226285978479,"standard_error":0.33764877430346274},"MedianAbsDev":{"confidence_interval":{"confidence_level":0.95,"lower_bound":1.8046423408945398,"upper_bound":3.2821895136719546},"point_estimate":2.621029658421242,"standard_error":0.37750987706866196},"Slope":{"confidence_interval":{"confidence_level":0.95,"lower_bound":262.7523062037492,"upper_bound":263.89113328831473},"point_estimate":263.3236547809715,"standard_error":0.2896068382831568},"StdDev":{"confidence_interval":{"confidence_level":0.95,"lower_bound":2.299518683188671,"upper_bound":3.0785202202030195},"point_estimate":2.7058982954062683,"standard_error":0.19923164512078056}}