{"Mean":{"confidence_interval":{"confidence_level":0.95,"lower_bound":21937110.02708135,"upper_bound":22732074.760833334},"point_estimate":22269451.349503964,"standard_error":208968.3140711066},"Median":{"confidence_interval":{"confidence_level":0.95,"lower_bound":21843268.1875,"upper_bound":22473717.4375},"point_estimate":21991858.65833333,"standard_error":162490.12055291666},"MedianAbsDev":{"confidence_interval":{"confidence_level":0.95,"lower_bound":46690.15986191558,"upper_bound":728071.1061574853},"point_estimate":235706.34866120853,"standard_error":189493.06122575447},"Slope":{"confidence_interval":{"confidence_level":0.95,"lower_bound":21845218.43318499,"upper_bound":22026110.951351352},"point_estimate":21896582.41038961,"standard_error":47419.86351256103},"StdDev":{"confidence_interval":{"confidence_level":0.95,"lower_bound":139832.70566898942,"upper_bound":1015793.6383667504},"point_estimate":697968.0154223851,"standard_error":255380.29652250247}}