{"Mean":{"confidence_interval":{"confidence_level":0.95,"lower_bound":-0.3501005163945715,"upper_bound":-0.3379990350804586},"point_estimate":-0.34474010798513666,"standard_error":0.003099051768964769},"Median":{"confidence_interval":{"confidence_level":0.95,"lower_bound":-0.35278142619672037,"upper_bound":-0.3411721571871932},"point_estimate":-0.34895984182497874,"standard_error":0.002946362051130211}}