{"Mean":{"confidence_interval":{"confidence_level":0.95,"lower_bound":765438.7007575758,"upper_bound":769510.9285407197},"point_estimate":767317.6976304714,"standard_error":1045.8063978239052},"Median":{"confidence_interval":{"confidence_level":0.95,"lower_bound":764966.2015151515,"upper_bound":770142.446969697},"point_estimate":766241.4100378788,"standard_error":1222.1544491785571},"MedianAbsDev":{"confidence_interval":{"confidence_level":0.95,"lower_bound":293.2758713085512,"upper_bound":5805.422676036556},"point_estimate":2241.4440602063846,"standard_error":1414.0434272930154},"Slope":{"confidence_interval":{"confidence_level":0.95,"lower_bound":764670.3091281719,"upper_bound":769294.2927753922},"point_estimate":767026.773081464,"standard_error":1214.2167885699478},"StdDev":{"confidence_interval":{"confidence_level":0.95,"lower_bound":1512.8788522417399,"upper_bound":4621.238510633748},"point_estimate":3475.1214307347864,"standard_error":825.188710927391}}