{"Mean":{"confidence_interval":{"confidence_level":0.95,"lower_bound":0.00023883709728728775,"upper_bound":0.009000898583299782},"point_estimate":0.004779726980870924,"standard_error":0.002223822278298137},"Median":{"confidence_interval":{"confidence_level":0.95,"lower_bound":0.003007500047049083,"upper_bound":0.008839125455480181},"point_estimate":0.006105203859511965,"standard_error":0.0015289582671193995}}