{"Mean":{"confidence_interval":{"confidence_level":0.95,"lower_bound":40.40829748541285,"upper_bound":40.42399898351719},"point_estimate":40.41566592843831,"standard_error":0.004021936286132294},"Median":{"confidence_interval":{"confidence_level":0.95,"lower_bound":40.40277913000272,"upper_bound":40.412389797899465},"point_estimate":40.40711329046169,"standard_error":0.002396473729678397},"MedianAbsDev":{"confidence_interval":{"confidence_level":0.95,"lower_bound":0.016555283627629227,"upper_bound":0.029721375664272506},"point_estimate":0.023099583179228,"standard_error":0.0034429464284760534},"Slope":{"confidence_interval":{"confidence_level":0.95,"lower_bound":40.40500623551684,"upper_bound":40.41417167550962},"point_estimate":40.4095184949613,"standard_error":0.002335525714782146},"StdDev":{"confidence_interval":{"confidence_level":0.95,"lower_bound":0.02750641523986669,"upper_bound":0.05290519277389635},"point_estimate":0.040315126737076865,"standard_error":0.00662376920118301}}