{"Mean":{"confidence_interval":{"confidence_level":0.95,"lower_bound":3113426.12688616,"upper_bound":3154308.8418102674},"point_estimate":3131940.368504464,"standard_error":10567.358131818639},"Median":{"confidence_interval":{"confidence_level":0.95,"lower_bound":3108360.0803571427,"upper_bound":3157661.553125},"point_estimate":3117186.6171875,"standard_error":11112.226867586578},"MedianAbsDev":{"confidence_interval":{"confidence_level":0.95,"lower_bound":4128.085344680585,"upper_bound":50873.05520307273},"point_estimate":19870.638809725642,"standard_error":11980.0495332678},"Slope":{"confidence_interval":{"confidence_level":0.95,"lower_bound":3105695.015877665,"upper_bound":3177401.188765449},"point_estimate":3137885.1332792207,"standard_error":20145.181007392905},"StdDev":{"confidence_interval":{"confidence_level":0.95,"lower_bound":10574.209879093576,"upper_bound":45791.5568686105},"point_estimate":35179.256370610994,"standard_error":9294.820193827394}}