{"Mean":{"confidence_interval":{"confidence_level":0.95,"lower_bound":-0.017607092900582877,"upper_bound":-0.0158783044870077},"point_estimate":-0.016757416728980457,"standard_error":0.00043999938719465974},"Median":{"confidence_interval":{"confidence_level":0.95,"lower_bound":-0.01742603482745797,"upper_bound":-0.016172402522757312},"point_estimate":-0.01682658687913141,"standard_error":0.00032625084548909853}}