{"Mean":{"confidence_interval":{"confidence_level":0.95,"lower_bound":84.63104782096775,"upper_bound":85.11815318163679},"point_estimate":84.86410209530186,"standard_error":0.12460544647470703},"Median":{"confidence_interval":{"confidence_level":0.95,"lower_bound":84.33210230003233,"upper_bound":84.89695354479407},"point_estimate":84.62714636972686,"standard_error":0.12537804779391337},"MedianAbsDev":{"confidence_interval":{"confidence_level":0.95,"lower_bound":0.6535966802496427,"upper_bound":1.0556220411801946},"point_estimate":0.7997220424556545,"standard_error":0.10463376326058567},"Slope":{"confidence_interval":{"confidence_level":0.95,"lower_bound":84.50763027190672,"upper_bound":85.00090300795593},"point_estimate":84.73532177295145,"standard_error":0.1260683419117949},"StdDev":{"confidence_interval":{"confidence_level":0.95,"lower_bound":0.9347744576290639,"upper_bound":1.5357391551698059},"point_estimate":1.254755996641373,"standard_error":0.15399869349405473}}