{"Mean":{"confidence_interval":{"confidence_level":0.95,"lower_bound":47.537123893481535,"upper_bound":47.87385686125936},"point_estimate":47.69639510458999,"standard_error":0.0857153514752457},"Median":{"confidence_interval":{"confidence_level":0.95,"lower_bound":47.40866272666716,"upper_bound":47.597821130579206},"point_estimate":47.486233595657936,"standard_error":0.05083464495293607},"MedianAbsDev":{"confidence_interval":{"confidence_level":0.95,"lower_bound":0.30554939042003454,"upper_bound":0.5275720135660649},"point_estimate":0.4353201330526687,"standard_error":0.05696899395948422},"Slope":{"confidence_interval":{"confidence_level":0.95,"lower_bound":47.489344557445456,"upper_bound":47.777845081203786},"point_estimate":47.618819944436666,"standard_error":0.07366636240832256},"StdDev":{"confidence_interval":{"confidence_level":0.95,"lower_bound":0.5774240350468792,"upper_bound":1.1472628841873724},"point_estimate":0.8623844456005053,"standard_error":0.14890213813200773}}