{"Mean":{"confidence_interval":{"confidence_level":0.95,"lower_bound":108.66677542118114,"upper_bound":109.46362833614151},"point_estimate":109.03807436546612,"standard_error":0.2046183600386598},"Median":{"confidence_interval":{"confidence_level":0.95,"lower_bound":108.50684298132052,"upper_bound":108.96001068573659},"point_estimate":108.70266526759858,"standard_error":0.11143523180735285},"MedianAbsDev":{"confidence_interval":{"confidence_level":0.95,"lower_bound":0.7033618632705986,"upper_bound":1.3622288845982042},"point_estimate":0.9717418572887406,"standard_error":0.16769580424931346},"Slope":{"confidence_interval":{"confidence_level":0.95,"lower_bound":108.59720054947479,"upper_bound":109.35710129515364},"point_estimate":108.9382378823635,"standard_error":0.19516859504667622},"StdDev":{"confidence_interval":{"confidence_level":0.95,"lower_bound":1.3492081942759055,"upper_bound":2.7875521757454167},"point_estimate":2.0595311618831937,"standard_error":0.381845694782254}}