{"Mean":{"confidence_interval":{"confidence_level":0.95,"lower_bound":-0.16424651944007335,"upper_bound":-0.09043940754386456},"point_estimate":-0.12354322934937878,"standard_error":0.019231642360278606},"Median":{"confidence_interval":{"confidence_level":0.95,"lower_bound":-0.140349398101005,"upper_bound":-0.08817752272145052},"point_estimate":-0.11550894341317564,"standard_error":0.01329629112017317}}