{"Mean":{"confidence_interval":{"confidence_level":0.95,"lower_bound":2234385.711490882,"upper_bound":2263916.2196296295},"point_estimate":2248056.0416685557,"standard_error":7574.82384979203},"Median":{"confidence_interval":{"confidence_level":0.95,"lower_bound":2228146.900935374,"upper_bound":2260933.4603174604},"point_estimate":2245623.0407407405,"standard_error":8959.0551565818},"MedianAbsDev":{"confidence_interval":{"confidence_level":0.95,"lower_bound":6880.110587576233,"upper_bound":41676.41083787355},"point_estimate":23753.198961629667,"standard_error":8467.781478378582},"Slope":{"confidence_interval":{"confidence_level":0.95,"lower_bound":2225454.828961016,"upper_bound":2249484.250353607},"point_estimate":2235438.1178726037,"standard_error":6196.425604120711},"StdDev":{"confidence_interval":{"confidence_level":0.95,"lower_bound":12068.081339337383,"upper_bound":34089.40717503617},"point_estimate":25201.61324876127,"standard_error":6192.434367182569}}