{"Mean":{"confidence_interval":{"confidence_level":0.95,"lower_bound":4484445.249729167,"upper_bound":4549714.479583332},"point_estimate":4514677.652083333,"standard_error":16731.152366146584},"Median":{"confidence_interval":{"confidence_level":0.95,"lower_bound":4468427.945833333,"upper_bound":4552082.9},"point_estimate":4504276.433333334,"standard_error":22515.078872361748},"MedianAbsDev":{"confidence_interval":{"confidence_level":0.95,"lower_bound":10093.021710812907,"upper_bound":93581.04316860548},"point_estimate":56371.669476702904,"standard_error":21040.946300214688},"Slope":{"confidence_interval":{"confidence_level":0.95,"lower_bound":4493477.198321206,"upper_bound":4590576.525231911},"point_estimate":4546183.891428571,"standard_error":26086.547152432035},"StdDev":{"confidence_interval":{"confidence_level":0.95,"lower_bound":26186.31839311055,"upper_bound":74139.9956910858},"point_estimate":55785.28569922629,"standard_error":13147.606160289193}}