{"Mean":{"confidence_interval":{"confidence_level":0.95,"lower_bound":2997622.543014499,"upper_bound":3040233.34240812},"point_estimate":3017803.513015873,"standard_error":10906.934011625033},"Median":{"confidence_interval":{"confidence_level":0.95,"lower_bound":2985221.035164835,"upper_bound":3040769.282051282},"point_estimate":3015802.3365384615,"standard_error":17032.21208411445},"MedianAbsDev":{"confidence_interval":{"confidence_level":0.95,"lower_bound":3745.9218873427553,"upper_bound":66998.93674258303},"point_estimate":43308.330472662,"standard_error":16373.798549684183},"Slope":{"confidence_interval":{"confidence_level":0.95,"lower_bound":2987664.2006920413,"upper_bound":3024811.5187669476},"point_estimate":3008721.681718282,"standard_error":9554.856825743465},"StdDev":{"confidence_interval":{"confidence_level":0.95,"lower_bound":19609.385806802587,"upper_bound":47231.37721897452},"point_estimate":36227.79971232497,"standard_error":7670.351614615977}}