{"Mean":{"confidence_interval":{"confidence_level":0.95,"lower_bound":0.02301642001113735,"upper_bound":0.03718641243845825},"point_estimate":0.029902128892307367,"standard_error":0.003613368190934372},"Median":{"confidence_interval":{"confidence_level":0.95,"lower_bound":0.025344426585185653,"upper_bound":0.03387746086025456},"point_estimate":0.03054895558677795,"standard_error":0.002242702075912214}}