{"Mean":{"confidence_interval":{"confidence_level":0.95,"lower_bound":36.61413883543044,"upper_bound":36.88041402002962},"point_estimate":36.74210038326795,"standard_error":0.06794655648917321},"Median":{"confidence_interval":{"confidence_level":0.95,"lower_bound":36.50036611490294,"upper_bound":36.74254420245247},"point_estimate":36.620293018218824,"standard_error":0.06637879559467505},"MedianAbsDev":{"confidence_interval":{"confidence_level":0.95,"lower_bound":0.30720352599203565,"upper_bound":0.5184527502581951},"point_estimate":0.39858468503492556,"standard_error":0.05281461575413108},"Slope":{"confidence_interval":{"confidence_level":0.95,"lower_bound":36.66845982294959,"upper_bound":36.959043781054156},"point_estimate":36.808908238530684,"standard_error":0.07415558264142807},"StdDev":{"confidence_interval":{"confidence_level":0.95,"lower_bound":0.499510627802942,"upper_bound":0.8654087409451983},"point_estimate":0.6846816835963855,"standard_error":0.09457694876000454}}