{"Mean":{"confidence_interval":{"confidence_level":0.95,"lower_bound":79.54422789504656,"upper_bound":79.6336429013437},"point_estimate":79.58826644397911,"standard_error":0.02285591059089789},"Median":{"confidence_interval":{"confidence_level":0.95,"lower_bound":79.43988351103923,"upper_bound":79.59321217127908},"point_estimate":79.48851320784406,"standard_error":0.04221898714306403},"MedianAbsDev":{"confidence_interval":{"confidence_level":0.95,"lower_bound":0.10655521816131784,"upper_bound":0.28826936505159606},"point_estimate":0.17399631982618843,"standard_error":0.04846088315631548},"Slope":{"confidence_interval":{"confidence_level":0.95,"lower_bound":79.6181879252666,"upper_bound":79.73028647016322},"point_estimate":79.67303232855235,"standard_error":0.028645488122559487},"StdDev":{"confidence_interval":{"confidence_level":0.95,"lower_bound":0.19554187138940604,"upper_bound":0.25890820618697574},"point_estimate":0.2293641835464524,"standard_error":0.016138832193966432}}