{"Mean":{"confidence_interval":{"confidence_level":0.95,"lower_bound":0.024407600746968513,"upper_bound":0.031680980941235705},"point_estimate":0.02792957404965324,"standard_error":0.0018844368715428376},"Median":{"confidence_interval":{"confidence_level":0.95,"lower_bound":0.014885246940236296,"upper_bound":0.04249523741586225},"point_estimate":0.03827127686726928,"standard_error":0.007986799424722696}}