{"Mean":{"confidence_interval":{"confidence_level":0.95,"lower_bound":3811886.306955128,"upper_bound":3843932.9741758243},"point_estimate":3828020.5972527475,"standard_error":8175.147015177305},"Median":{"confidence_interval":{"confidence_level":0.95,"lower_bound":3799929.346153846,"upper_bound":3849031.8571428573},"point_estimate":3830735.487179487,"standard_error":11787.04649654677},"MedianAbsDev":{"confidence_interval":{"confidence_level":0.95,"lower_bound":8626.154946855466,"upper_bound":47056.52567996386},"point_estimate":33312.537450892356,"standard_error":11001.457029357123},"Slope":{"confidence_interval":{"confidence_level":0.95,"lower_bound":3820588.53986014,"upper_bound":3850672.4440907957},"point_estimate":3838167.2591408594,"standard_error":7711.270922095958},"StdDev":{"confidence_interval":{"confidence_level":0.95,"lower_bound":16029.30298639591,"upper_bound":33303.0095827242},"point_estimate":27218.152428530444,"standard_error":4377.0191729609105}}