{"Mean":{"confidence_interval":{"confidence_level":0.95,"lower_bound":-0.0023202270942508105,"upper_bound":0.016306993779140442},"point_estimate":0.006657988275194704,"standard_error":0.004693258039258645},"Median":{"confidence_interval":{"confidence_level":0.95,"lower_bound":0.005235204341630828,"upper_bound":0.011837402055585367},"point_estimate":0.007962299259564043,"standard_error":0.001684453226893734}}