{"Mean":{"confidence_interval":{"confidence_level":0.95,"lower_bound":68.32162261550133,"upper_bound":68.57533545139108},"point_estimate":68.45130714675281,"standard_error":0.06453900088563544},"Median":{"confidence_interval":{"confidence_level":0.95,"lower_bound":68.37224366777832,"upper_bound":68.57369518343533},"point_estimate":68.4697612680696,"standard_error":0.05290246354556213},"MedianAbsDev":{"confidence_interval":{"confidence_level":0.95,"lower_bound":0.32123370672770324,"upper_bound":0.5527717580346322},"point_estimate":0.41699388491837264,"standard_error":0.059683407543535266},"Slope":{"confidence_interval":{"confidence_level":0.95,"lower_bound":68.39576670465024,"upper_bound":68.57013218566286},"point_estimate":68.4797449817292,"standard_error":0.04450318470734253},"StdDev":{"confidence_interval":{"confidence_level":0.95,"lower_bound":0.47997712318496555,"upper_bound":0.8175433666965627},"point_estimate":0.6484566962645187,"standard_error":0.08744431386111814}}