{"Mean":{"confidence_interval":{"confidence_level":0.95,"lower_bound":67.09943724285067,"upper_bound":67.41986352983336},"point_estimate":67.25590362715218,"standard_error":0.0816500456491396},"Median":{"confidence_interval":{"confidence_level":0.95,"lower_bound":67.03581682104907,"upper_bound":67.44802031098416},"point_estimate":67.29205657756542,"standard_error":0.12210480655423779},"MedianAbsDev":{"confidence_interval":{"confidence_level":0.95,"lower_bound":0.534408386448056,"upper_bound":0.8254374821688528},"point_estimate":0.6629562282272518,"standard_error":0.07380702591502296},"Slope":{"confidence_interval":{"confidence_level":0.95,"lower_bound":67.16125984886615,"upper_bound":67.40034222056666},"point_estimate":67.28112322769948,"standard_error":0.060957046065739845},"StdDev":{"confidence_interval":{"confidence_level":0.95,"lower_bound":0.606874201877663,"upper_bound":1.0627525492999157},"point_estimate":0.8218502826743241,"standard_error":0.12108757503485001}}