{"Mean":{"confidence_interval":{"confidence_level":0.95,"lower_bound":100.84415329414307,"upper_bound":100.91554854143638},"point_estimate":100.87943141200697,"standard_error":0.018207925899807062},"Median":{"confidence_interval":{"confidence_level":0.95,"lower_bound":100.84675232030199,"upper_bound":100.90236657587474},"point_estimate":100.86817458282806,"standard_error":0.015949554771385356},"MedianAbsDev":{"confidence_interval":{"confidence_level":0.95,"lower_bound":0.09843434394656225,"upper_bound":0.17321493275712002},"point_estimate":0.13077815645230662,"standard_error":0.01930320474367297},"Slope":{"confidence_interval":{"confidence_level":0.95,"lower_bound":100.88189325174527,"upper_bound":100.93908635656942},"point_estimate":100.91051738789768,"standard_error":0.014601387233413513},"StdDev":{"confidence_interval":{"confidence_level":0.95,"lower_bound":0.14463336321819517,"upper_bound":0.21950541841160107},"point_estimate":0.18304722748756921,"standard_error":0.019186446938676657}}