{"Mean":{"confidence_interval":{"confidence_level":0.95,"lower_bound":0.005224717873901691,"upper_bound":0.016439450596987665},"point_estimate":0.010908464469786994,"standard_error":0.0028573139803354615},"Median":{"confidence_interval":{"confidence_level":0.95,"lower_bound":0.009695421430569118,"upper_bound":0.01994121131496951},"point_estimate":0.014331830204119766,"standard_error":0.0025921471299020873}}