{"Mean":{"confidence_interval":{"confidence_level":0.95,"lower_bound":2533.8339946932083,"upper_bound":2642.573778595095},"point_estimate":2580.541919240327,"standard_error":28.09747020520122},"Median":{"confidence_interval":{"confidence_level":0.95,"lower_bound":2516.0067123887347,"upper_bound":2526.722222222222},"point_estimate":2521.3376358489995,"standard_error":2.492749570746355},"MedianAbsDev":{"confidence_interval":{"confidence_level":0.95,"lower_bound":17.14605325181604,"upper_bound":36.20209841214092},"point_estimate":25.047706815856674,"standard_error":5.165277642379646},"Slope":{"confidence_interval":{"confidence_level":0.95,"lower_bound":2513.9385790354454,"upper_bound":2530.4106995485013},"point_estimate":2521.4751051992193,"standard_error":4.2093338752813505},"StdDev":{"confidence_interval":{"confidence_level":0.95,"lower_bound":74.83983873737097,"upper_bound":423.1937425814032},"point_estimate":281.61220230468405,"standard_error":91.41534618235727}}