{"Mean":{"confidence_interval":{"confidence_level":0.95,"lower_bound":1819.9180588043791,"upper_bound":1820.5924247923356},"point_estimate":1820.2179941796553,"standard_error":0.17296446754857128},"Median":{"confidence_interval":{"confidence_level":0.95,"lower_bound":1819.7007315957933,"upper_bound":1820.044532627866},"point_estimate":1819.871716495612,"standard_error":0.07293805835352903},"MedianAbsDev":{"confidence_interval":{"confidence_level":0.95,"lower_bound":0.4260415132289946,"upper_bound":0.763824041681258},"point_estimate":0.5349454070285112,"standard_error":0.08618253259850489},"Slope":{"confidence_interval":{"confidence_level":0.95,"lower_bound":1819.8920376671183,"upper_bound":1820.205612701381},"point_estimate":1820.045882459722,"standard_error":0.07997697167333892},"StdDev":{"confidence_interval":{"confidence_level":0.95,"lower_bound":0.8648036827734126,"upper_bound":2.5279266984976476},"point_estimate":1.7392146803477306,"standard_error":0.4376942256629748}}