{"Mean":{"confidence_interval":{"confidence_level":0.95,"lower_bound":597.1217204619876,"upper_bound":597.5197589251146},"point_estimate":597.3078600619177,"standard_error":0.1014149070564828},"Median":{"confidence_interval":{"confidence_level":0.95,"lower_bound":597.0201669320211,"upper_bound":597.515871275029},"point_estimate":597.2439870240565,"standard_error":0.13091694602025536},"MedianAbsDev":{"confidence_interval":{"confidence_level":0.95,"lower_bound":0.6396750428650114,"upper_bound":0.9850266801308625},"point_estimate":0.8018061430829813,"standard_error":0.08869579715971757},"Slope":{"confidence_interval":{"confidence_level":0.95,"lower_bound":597.1047207847936,"upper_bound":597.8327735387644},"point_estimate":597.3975515812253,"standard_error":0.19205620092057973},"StdDev":{"confidence_interval":{"confidence_level":0.95,"lower_bound":0.7012595832515468,"upper_bound":1.4041783991677514},"point_estimate":1.019155208566365,"standard_error":0.20496655012432477}}