{"Mean":{"confidence_interval":{"confidence_level":0.95,"lower_bound":-0.4307752419294462,"upper_bound":-0.4236275181075694},"point_estimate":-0.4272842054642815,"standard_error":0.0018288340446944336},"Median":{"confidence_interval":{"confidence_level":0.95,"lower_bound":-0.4312443210477346,"upper_bound":-0.42227929860005786},"point_estimate":-0.42721955919201215,"standard_error":0.0021757152764723883}}