{"Mean":{"confidence_interval":{"confidence_level":0.95,"lower_bound":-0.054243351511556875,"upper_bound":-0.046629353829085576},"point_estimate":-0.05034325579028809,"standard_error":0.001953496016420634},"Median":{"confidence_interval":{"confidence_level":0.95,"lower_bound":-0.05343358243774121,"upper_bound":-0.046192162054803476},"point_estimate":-0.04914350723349936,"standard_error":0.001958647657409299}}