{"Mean":{"confidence_interval":{"confidence_level":0.95,"lower_bound":-0.07001387376617958,"upper_bound":-0.023201235395631348},"point_estimate":-0.044320918441112855,"standard_error":0.012051919481633082},"Median":{"confidence_interval":{"confidence_level":0.95,"lower_bound":-0.0283359756009498,"upper_bound":-0.01669747819424549},"point_estimate":-0.023066909328916196,"standard_error":0.0027892361951280327}}