{"Mean":{"confidence_interval":{"confidence_level":0.95,"lower_bound":1003350.8478720238,"upper_bound":1022701.0205863509},"point_estimate":1013242.2990930887,"standard_error":4952.395184614216},"Median":{"confidence_interval":{"confidence_level":0.95,"lower_bound":1002611.4395833333,"upper_bound":1024367.7326388889},"point_estimate":1015189.8580729166,"standard_error":5989.362311792216},"MedianAbsDev":{"confidence_interval":{"confidence_level":0.95,"lower_bound":3641.4197277130024,"upper_bound":27591.5994026512},"point_estimate":14288.807747625122,"standard_error":6139.8597048962765},"Slope":{"confidence_interval":{"confidence_level":0.95,"lower_bound":1004398.5080688017,"upper_bound":1019856.8645501547},"point_estimate":1012275.1038419914,"standard_error":3972.833704354663},"StdDev":{"confidence_interval":{"confidence_level":0.95,"lower_bound":8172.987438400268,"upper_bound":21784.0122732649},"point_estimate":16502.71169740696,"standard_error":3509.1452395466263}}