{"Mean":{"confidence_interval":{"confidence_level":0.95,"lower_bound":-0.370683116266168,"upper_bound":-0.3661914990972972},"point_estimate":-0.3685358705591215,"standard_error":0.001187450248516454},"Median":{"confidence_interval":{"confidence_level":0.95,"lower_bound":-0.37136691127084165,"upper_bound":-0.3653951224866515},"point_estimate":-0.37043571706045986,"standard_error":0.0015082604670226942}}