{"Mean":{"confidence_interval":{"confidence_level":0.95,"lower_bound":4605005.728560606,"upper_bound":4720644.568039774},"point_estimate":4657896.011388889,"standard_error":29704.479211067952},"Median":{"confidence_interval":{"confidence_level":0.95,"lower_bound":4588256.393939394,"upper_bound":4720170.534090909},"point_estimate":4607633.568181818,"standard_error":38017.479066901615},"MedianAbsDev":{"confidence_interval":{"confidence_level":0.95,"lower_bound":5001.393765753803,"upper_bound":152297.97165033733},"point_estimate":37140.51085426093,"standard_error":41075.96961208512},"Slope":{"confidence_interval":{"confidence_level":0.95,"lower_bound":4614884.7865125025,"upper_bound":4798398.166969147},"point_estimate":4729126.175442739,"standard_error":45865.14277250464},"StdDev":{"confidence_interval":{"confidence_level":0.95,"lower_bound":25970.96184711486,"upper_bound":126224.76746000643},"point_estimate":99137.54622604724,"standard_error":23748.207530605763}}