{"Mean":{"confidence_interval":{"confidence_level":0.95,"lower_bound":49.62602644046212,"upper_bound":49.65368696555416},"point_estimate":49.637223738479726,"standard_error":0.007254939145288101},"Median":{"confidence_interval":{"confidence_level":0.95,"lower_bound":49.620449367395416,"upper_bound":49.62385489442768},"point_estimate":49.62140310888709,"standard_error":0.0008984522209617348},"MedianAbsDev":{"confidence_interval":{"confidence_level":0.95,"lower_bound":0.00712202302969981,"upper_bound":0.01305936488211801},"point_estimate":0.00969160263207332,"standard_error":0.0014113100928129399},"Slope":{"confidence_interval":{"confidence_level":0.95,"lower_bound":49.628280495001256,"upper_bound":49.64753265440217},"point_estimate":49.63680230398134,"standard_error":0.004952274752246244},"StdDev":{"confidence_interval":{"confidence_level":0.95,"lower_bound":0.017314727221750606,"upper_bound":0.1182394426541814},"point_estimate":0.07295315531901718,"standard_error":0.02948310888180347}}