{"Mean":{"confidence_interval":{"confidence_level":0.95,"lower_bound":34.159020783703376,"upper_bound":34.22383442119309},"point_estimate":34.190339311341184,"standard_error":0.01651146455299394},"Median":{"confidence_interval":{"confidence_level":0.95,"lower_bound":34.15041693009813,"upper_bound":34.19167768540705},"point_estimate":34.164743669555605,"standard_error":0.010234333802154872},"MedianAbsDev":{"confidence_interval":{"confidence_level":0.95,"lower_bound":0.1057299064068604,"upper_bound":0.16977135928551515},"point_estimate":0.14420789170934145,"standard_error":0.016877632204792103},"Slope":{"confidence_interval":{"confidence_level":0.95,"lower_bound":34.157331458180785,"upper_bound":34.20638380761288},"point_estimate":34.18193778421732,"standard_error":0.012540926300055611},"StdDev":{"confidence_interval":{"confidence_level":0.95,"lower_bound":0.1255166031585954,"upper_bound":0.20314634239189266},"point_estimate":0.1662596757166636,"standard_error":0.019962010994625513}}