{"Mean":{"confidence_interval":{"confidence_level":0.95,"lower_bound":22979038.565833334,"upper_bound":24758077.489583336},"point_estimate":23738511.413472217,"standard_error":463598.74914689903},"Median":{"confidence_interval":{"confidence_level":0.95,"lower_bound":22803108.666666668,"upper_bound":24275820.5},"point_estimate":23039218.85625,"standard_error":437606.6768136925},"MedianAbsDev":{"confidence_interval":{"confidence_level":0.95,"lower_bound":114866.35313363002,"upper_bound":1897962.6855648402},"point_estimate":634622.1095494548,"standard_error":490185.9391463402},"Slope":{"confidence_interval":{"confidence_level":0.95,"lower_bound":22688308.808432125,"upper_bound":23223974.16780822},"point_estimate":22887808.953246754,"standard_error":139594.61393544482},"StdDev":{"confidence_interval":{"confidence_level":0.95,"lower_bound":441059.7707823075,"upper_bound":2233315.3700179476},"point_estimate":1547373.0209905799,"standard_error":528008.4415013945}}