{"Mean":{"confidence_interval":{"confidence_level":0.95,"lower_bound":1521.6722266530692,"upper_bound":1530.086199744868},"point_estimate":1525.682338479418,"standard_error":2.1407510223015267},"Median":{"confidence_interval":{"confidence_level":0.95,"lower_bound":1519.5393043963663,"upper_bound":1525.5168176999573},"point_estimate":1522.7779164140313,"standard_error":1.7988067870807554},"MedianAbsDev":{"confidence_interval":{"confidence_level":0.95,"lower_bound":9.71770771164599,"upper_bound":16.9149772326314},"point_estimate":12.54625965199356,"standard_error":1.809869098462588},"Slope":{"confidence_interval":{"confidence_level":0.95,"lower_bound":1522.6487894726768,"upper_bound":1531.8432079131005},"point_estimate":1526.8646782054116,"standard_error":2.3515898890221285},"StdDev":{"confidence_interval":{"confidence_level":0.95,"lower_bound":14.877022816821519,"upper_bound":27.77839049348699},"point_estimate":21.485096918143057,"standard_error":3.3304454263732772}}