{"Mean":{"confidence_interval":{"confidence_level":0.95,"lower_bound":-0.5531521865493589,"upper_bound":-0.5517519639855181},"point_estimate":-0.5524568057867407,"standard_error":0.0003462824445001136},"Median":{"confidence_interval":{"confidence_level":0.95,"lower_bound":-0.5535450471094092,"upper_bound":-0.551962609339977},"point_estimate":-0.5528883875743681,"standard_error":0.00042799251465315975}}