{"Mean":{"confidence_interval":{"confidence_level":0.95,"lower_bound":59.25559911388873,"upper_bound":59.60737844557026},"point_estimate":59.42597697529203,"standard_error":0.08970767369835199},"Median":{"confidence_interval":{"confidence_level":0.95,"lower_bound":59.266648435790856,"upper_bound":59.56876569678408},"point_estimate":59.43448662701663,"standard_error":0.08468020619620126},"MedianAbsDev":{"confidence_interval":{"confidence_level":0.95,"lower_bound":0.48395102696231135,"upper_bound":0.8556464303255003},"point_estimate":0.6328884636155198,"standard_error":0.09902661892329477},"Slope":{"confidence_interval":{"confidence_level":0.95,"lower_bound":58.89315625914826,"upper_bound":59.3342508676367},"point_estimate":59.09852687286054,"standard_error":0.11246010257604376},"StdDev":{"confidence_interval":{"confidence_level":0.95,"lower_bound":0.6832788408181816,"upper_bound":1.1167934193292823},"point_estimate":0.9040944550568967,"standard_error":0.11146034025781937}}