{"Mean":{"confidence_interval":{"confidence_level":0.95,"lower_bound":7914790.213214286,"upper_bound":8278453.176542657},"point_estimate":8068818.885436508,"standard_error":95074.06644323937},"Median":{"confidence_interval":{"confidence_level":0.95,"lower_bound":7873305.111111111,"upper_bound":8169877.611111112},"point_estimate":7966700.824999999,"standard_error":70965.46738823512},"MedianAbsDev":{"confidence_interval":{"confidence_level":0.95,"lower_bound":38031.78631146792,"upper_bound":352003.03506712057},"point_estimate":145599.7373475873,"standard_error":83382.04686488511},"Slope":{"confidence_interval":{"confidence_level":0.95,"lower_bound":7868038.393416928,"upper_bound":7970373.787120847},"point_estimate":7902138.897402598,"standard_error":26232.68413027881},"StdDev":{"confidence_interval":{"confidence_level":0.95,"lower_bound":72088.86131304728,"upper_bound":458790.4284429786},"point_estimate":317174.7920401983,"standard_error":112666.10557925145}}