{"Mean":{"confidence_interval":{"confidence_level":0.95,"lower_bound":-0.50295797504487,"upper_bound":-0.4967833062471064},"point_estimate":-0.49968783073778966,"standard_error":0.0015760742252413},"Median":{"confidence_interval":{"confidence_level":0.95,"lower_bound":-0.49794351664776915,"upper_bound":-0.4959799606307559},"point_estimate":-0.49781121940031536,"standard_error":0.0004890627466896182}}