{"Mean":{"confidence_interval":{"confidence_level":0.95,"lower_bound":2089113.083935185,"upper_bound":2135890.8273809524},"point_estimate":2108790.834441138,"standard_error":12211.012572487998},"Median":{"confidence_interval":{"confidence_level":0.95,"lower_bound":2077013.525,"upper_bound":2114035.05},"point_estimate":2105045.697916667,"standard_error":9448.332560666233},"MedianAbsDev":{"confidence_interval":{"confidence_level":0.95,"lower_bound":3162.4180041336685,"upper_bound":48282.40325156631},"point_estimate":14859.875601809012,"standard_error":11362.964511773242},"Slope":{"confidence_interval":{"confidence_level":0.95,"lower_bound":2080753.0545229244,"upper_bound":2111575.306331471},"point_estimate":2094726.003787879,"standard_error":8021.078035203379},"StdDev":{"confidence_interval":{"confidence_level":0.95,"lower_bound":12453.653285376986,"upper_bound":60340.9483917765},"point_estimate":40690.69348355767,"standard_error":15247.123403364882}}