{"Mean":{"confidence_interval":{"confidence_level":0.95,"lower_bound":1587.4890481655032,"upper_bound":1592.6209711298777},"point_estimate":1590.0574163585268,"standard_error":1.3105488816255806},"Median":{"confidence_interval":{"confidence_level":0.95,"lower_bound":1587.4996621621622,"upper_bound":1593.3126126126126},"point_estimate":1590.7234520987154,"standard_error":1.638430343262039},"MedianAbsDev":{"confidence_interval":{"confidence_level":0.95,"lower_bound":7.312742946333536,"upper_bound":13.444322509826735},"point_estimate":9.18858067599146,"standard_error":1.619052735658791},"Slope":{"confidence_interval":{"confidence_level":0.95,"lower_bound":1589.0788439412443,"upper_bound":1595.19086725838},"point_estimate":1591.9807457574318,"standard_error":1.557276941998553},"StdDev":{"confidence_interval":{"confidence_level":0.95,"lower_bound":10.848919922320086,"upper_bound":15.261752963645817},"point_estimate":13.154521608506803,"standard_error":1.128389622055217}}