{"Mean":{"confidence_interval":{"confidence_level":0.95,"lower_bound":-0.1522205856270209,"upper_bound":-0.11822662272053051},"point_estimate":-0.13454846817045407,"standard_error":0.00869481653838736},"Median":{"confidence_interval":{"confidence_level":0.95,"lower_bound":-0.15102333361770393,"upper_bound":-0.11100685788612286},"point_estimate":-0.13292000359877065,"standard_error":0.012797523051616248}}