{"Mean":{"confidence_interval":{"confidence_level":0.95,"lower_bound":770.1668510950185,"upper_bound":770.506526087459},"point_estimate":770.3290626959285,"standard_error":0.0866456699967818},"Median":{"confidence_interval":{"confidence_level":0.95,"lower_bound":770.071439461366,"upper_bound":770.3610197368421},"point_estimate":770.2555871880885,"standard_error":0.07687941071426158},"MedianAbsDev":{"confidence_interval":{"confidence_level":0.95,"lower_bound":0.5414188774895149,"upper_bound":0.8578060720105241},"point_estimate":0.7164464449790229,"standard_error":0.08334103276033343},"Slope":{"confidence_interval":{"confidence_level":0.95,"lower_bound":770.1229593645127,"upper_bound":770.4604856875409},"point_estimate":770.2839334846498,"standard_error":0.0857867962182564},"StdDev":{"confidence_interval":{"confidence_level":0.95,"lower_bound":0.6377417351108623,"upper_bound":1.1207304572442025},"point_estimate":0.8724091783555206,"standard_error":0.12599995648161783}}