{"Mean":{"confidence_interval":{"confidence_level":0.95,"lower_bound":1619640.3047786457,"upper_bound":1621024.5618411456},"point_estimate":1620243.1277876985,"standard_error":360.8171846447489},"Median":{"confidence_interval":{"confidence_level":0.95,"lower_bound":1619484.46875,"upper_bound":1620664.2410714286},"point_estimate":1619899.6015625,"standard_error":369.70329638967576},"MedianAbsDev":{"confidence_interval":{"confidence_level":0.95,"lower_bound":74.08771222645095,"upper_bound":1551.445452143829},"point_estimate":913.0730931647122,"standard_error":344.81358240380223},"Slope":{"confidence_interval":{"confidence_level":0.95,"lower_bound":1619785.0386235956,"upper_bound":1622116.9327489294},"point_estimate":1620958.2246753247,"standard_error":647.5707724520595},"StdDev":{"confidence_interval":{"confidence_level":0.95,"lower_bound":436.5992437479945,"upper_bound":1739.15329834202},"point_estimate":1199.8326006656348,"standard_error":402.19646993152656}}