{"Mean":{"confidence_interval":{"confidence_level":0.95,"lower_bound":78.64768145439717,"upper_bound":78.7322001231319},"point_estimate":78.68810699747631,"standard_error":0.021450402775715416},"Median":{"confidence_interval":{"confidence_level":0.95,"lower_bound":78.62706256137716,"upper_bound":78.70924374044276},"point_estimate":78.67553553473297,"standard_error":0.02023571589217438},"MedianAbsDev":{"confidence_interval":{"confidence_level":0.95,"lower_bound":0.13323748866530122,"upper_bound":0.2237755447577901},"point_estimate":0.19115567831968824,"standard_error":0.023682767860688743},"Slope":{"confidence_interval":{"confidence_level":0.95,"lower_bound":78.62964729620359,"upper_bound":78.70582634559752},"point_estimate":78.66656777488288,"standard_error":0.019525130994070716},"StdDev":{"confidence_interval":{"confidence_level":0.95,"lower_bound":0.15612791197534248,"upper_bound":0.2853112808969131},"point_estimate":0.21564032207463313,"standard_error":0.035228210788288604}}