{"Mean":{"confidence_interval":{"confidence_level":0.95,"lower_bound":1928.39313078079,"upper_bound":1937.8893137604612},"point_estimate":1932.997897243492,"standard_error":2.4236864714739865},"Median":{"confidence_interval":{"confidence_level":0.95,"lower_bound":1923.0383470623992,"upper_bound":1934.224548112706},"point_estimate":1930.1731432259032,"standard_error":3.281658953100985},"MedianAbsDev":{"confidence_interval":{"confidence_level":0.95,"lower_bound":14.008234609856618,"upper_bound":24.470757449550877},"point_estimate":19.045480936795435,"standard_error":2.7201137027413345},"Slope":{"confidence_interval":{"confidence_level":0.95,"lower_bound":1924.0017376228302,"upper_bound":1934.696153800659},"point_estimate":1928.83573754793,"standard_error":2.739193239239552},"StdDev":{"confidence_interval":{"confidence_level":0.95,"lower_bound":19.318806973462856,"upper_bound":29.145756786407613},"point_estimate":24.35743339992663,"standard_error":2.5217167062337396}}