{"Mean":{"confidence_interval":{"confidence_level":0.95,"lower_bound":95.43776930511952,"upper_bound":100.56052560798294},"point_estimate":97.78440957158558,"standard_error":1.3083263016731432},"Median":{"confidence_interval":{"confidence_level":0.95,"lower_bound":92.09834946152645,"upper_bound":94.73002145696074},"point_estimate":94.04273375041188,"standard_error":0.8263376682214276},"MedianAbsDev":{"confidence_interval":{"confidence_level":0.95,"lower_bound":3.1338377016072885,"upper_bound":6.309834723485535},"point_estimate":5.092136253031884,"standard_error":0.9480792674971141},"Slope":{"confidence_interval":{"confidence_level":0.95,"lower_bound":94.81106416998267,"upper_bound":100.01971946783988},"point_estimate":97.17056992650804,"standard_error":1.3383611670002353},"StdDev":{"confidence_interval":{"confidence_level":0.95,"lower_bound":7.580541095707746,"upper_bound":17.795612692773247},"point_estimate":13.121563282950332,"standard_error":2.6100508420823934}}