{"Mean":{"confidence_interval":{"confidence_level":0.95,"lower_bound":368.3858911027249,"upper_bound":370.2817160218166},"point_estimate":369.3011348510094,"standard_error":0.48282240749096783},"Median":{"confidence_interval":{"confidence_level":0.95,"lower_bound":367.5445489376524,"upper_bound":369.69329290787107},"point_estimate":368.4897960516495,"standard_error":0.5850518953350098},"MedianAbsDev":{"confidence_interval":{"confidence_level":0.95,"lower_bound":2.562287924210026,"upper_bound":4.152405044618612},"point_estimate":3.092602882587141,"standard_error":0.3821914873679967},"Slope":{"confidence_interval":{"confidence_level":0.95,"lower_bound":368.3290156291331,"upper_bound":370.267980606272},"point_estimate":369.2393499080222,"standard_error":0.4964710918356407},"StdDev":{"confidence_interval":{"confidence_level":0.95,"lower_bound":3.6344475694868996,"upper_bound":5.9630726722568435},"point_estimate":4.857156934840269,"standard_error":0.5976748461741239}}