{"Mean":{"confidence_interval":{"confidence_level":0.95,"lower_bound":-0.006879358003004032,"upper_bound":-0.001983044046437899},"point_estimate":-0.0045303360312189955,"standard_error":0.0012229188226342942},"Median":{"confidence_interval":{"confidence_level":0.95,"lower_bound":-0.00808431833068135,"upper_bound":-0.0006236178938201498},"point_estimate":-0.004074828543293552,"standard_error":0.001995254227296689}}