{"Mean":{"confidence_interval":{"confidence_level":0.95,"lower_bound":1660598.3059408604,"upper_bound":1686040.7261648744},"point_estimate":1672308.1404390684,"standard_error":6547.140848070855},"Median":{"confidence_interval":{"confidence_level":0.95,"lower_bound":1656689.187096774,"upper_bound":1687738.8064516129},"point_estimate":1661925.7141577061,"standard_error":8601.607084242789},"MedianAbsDev":{"confidence_interval":{"confidence_level":0.95,"lower_bound":1251.4321488308983,"upper_bound":33600.12833049421},"point_estimate":9398.429402096011,"standard_error":8841.812782028153},"Slope":{"confidence_interval":{"confidence_level":0.95,"lower_bound":1657551.5766254647,"upper_bound":1689019.4290367074},"point_estimate":1671950.767993297,"standard_error":8962.523511119975},"StdDev":{"confidence_interval":{"confidence_level":0.95,"lower_bound":5502.890247560736,"upper_bound":27300.731263081172},"point_estimate":21831.449662222327,"standard_error":4962.723693817019}}