{"Mean":{"confidence_interval":{"confidence_level":0.95,"lower_bound":5643046.139882935,"upper_bound":5656596.563607142},"point_estimate":5649653.011631394,"standard_error":3468.5551162113447},"Median":{"confidence_interval":{"confidence_level":0.95,"lower_bound":5639599.888888889,"upper_bound":5660938.022222222},"point_estimate":5648142.666666667,"standard_error":4576.468127393126},"MedianAbsDev":{"confidence_interval":{"confidence_level":0.95,"lower_bound":586.5536145865917,"upper_bound":19723.153745399417},"point_estimate":14933.958901536149,"standard_error":5938.277222325704},"Slope":{"confidence_interval":{"confidence_level":0.95,"lower_bound":5643071.495726496,"upper_bound":5661886.023919753},"point_estimate":5653067.960461761,"standard_error":4790.158079005806},"StdDev":{"confidence_interval":{"confidence_level":0.95,"lower_bound":6280.2006534058255,"upper_bound":14094.322215538064},"point_estimate":11589.880005060098,"standard_error":1906.7511026000166}}