{"Mean":{"confidence_interval":{"confidence_level":0.95,"lower_bound":1887.700421217792,"upper_bound":1898.3727436066065},"point_estimate":1892.8157156554682,"standard_error":2.7183620820727756},"Median":{"confidence_interval":{"confidence_level":0.95,"lower_bound":1884.8957956600361,"upper_bound":1893.924907700422},"point_estimate":1888.484731671941,"standard_error":2.69752051191018},"MedianAbsDev":{"confidence_interval":{"confidence_level":0.95,"lower_bound":14.323764328177155,"upper_bound":26.960750753951096},"point_estimate":20.345706632342353,"standard_error":3.4626179270549065},"Slope":{"confidence_interval":{"confidence_level":0.95,"lower_bound":1886.3018706814141,"upper_bound":1901.938136319232},"point_estimate":1893.705410199909,"standard_error":3.9840798241425883},"StdDev":{"confidence_interval":{"confidence_level":0.95,"lower_bound":20.67343628311582,"upper_bound":34.88812100359157},"point_estimate":27.38884458487534,"standard_error":3.7689160731605353}}