{"Mean":{"confidence_interval":{"confidence_level":0.95,"lower_bound":59.73428595662459,"upper_bound":59.80714942930248},"point_estimate":59.768580245522074,"standard_error":0.018593927724842706},"Median":{"confidence_interval":{"confidence_level":0.95,"lower_bound":59.68397893495897,"upper_bound":59.750001749035974},"point_estimate":59.72156149816249,"standard_error":0.017427220277335183},"MedianAbsDev":{"confidence_interval":{"confidence_level":0.95,"lower_bound":0.08645460905583653,"upper_bound":0.15942984565931143},"point_estimate":0.11243582089179927,"standard_error":0.019726247633389038},"Slope":{"confidence_interval":{"confidence_level":0.95,"lower_bound":59.71268942572896,"upper_bound":59.77360807478394},"point_estimate":59.741437288350554,"standard_error":0.015474123084727787},"StdDev":{"confidence_interval":{"confidence_level":0.95,"lower_bound":0.13185902323672696,"upper_bound":0.24747044037727758},"point_estimate":0.1871877523582941,"standard_error":0.031029106195270623}}