{"Mean":{"confidence_interval":{"confidence_level":0.95,"lower_bound":2109.516931287789,"upper_bound":2120.3336163192967},"point_estimate":2114.75286888334,"standard_error":2.746742631438332},"Median":{"confidence_interval":{"confidence_level":0.95,"lower_bound":2106.4629047619046,"upper_bound":2117.8125588697017},"point_estimate":2114.1016337297906,"standard_error":2.446237298803357},"MedianAbsDev":{"confidence_interval":{"confidence_level":0.95,"lower_bound":13.918930504560766,"upper_bound":23.619883298099808},"point_estimate":18.239583217849216,"standard_error":2.585729520834159},"Slope":{"confidence_interval":{"confidence_level":0.95,"lower_bound":2111.4502817897987,"upper_bound":2121.6559687417366},"point_estimate":2116.3878789820346,"standard_error":2.604760659993515},"StdDev":{"confidence_interval":{"confidence_level":0.95,"lower_bound":20.08052936816945,"upper_bound":35.069921463033495},"point_estimate":27.59517933313152,"standard_error":3.8804628907600205}}