{"Mean":{"confidence_interval":{"confidence_level":0.95,"lower_bound":65.78883321531136,"upper_bound":66.42282870126508},"point_estimate":66.07196292932585,"standard_error":0.1625058207941493},"Median":{"confidence_interval":{"confidence_level":0.95,"lower_bound":65.67324225184848,"upper_bound":65.9452095140991},"point_estimate":65.81950632260552,"standard_error":0.0770354784198032},"MedianAbsDev":{"confidence_interval":{"confidence_level":0.95,"lower_bound":0.43190932712593355,"upper_bound":0.804696880708717},"point_estimate":0.5989509428025475,"standard_error":0.09522915764522671},"Slope":{"confidence_interval":{"confidence_level":0.95,"lower_bound":65.76630691000521,"upper_bound":66.1462294910399},"point_estimate":65.94617748437695,"standard_error":0.09675317871482028},"StdDev":{"confidence_interval":{"confidence_level":0.95,"lower_bound":0.88918231056423,"upper_bound":2.425361115762614},"point_estimate":1.6339158461825036,"standard_error":0.45594258008556837}}