{"Mean":{"confidence_interval":{"confidence_level":0.95,"lower_bound":91.91008903188279,"upper_bound":92.7560048434946},"point_estimate":92.30994242105886,"standard_error":0.2159643966714339},"Median":{"confidence_interval":{"confidence_level":0.95,"lower_bound":91.48357226494687,"upper_bound":92.19617118533984},"point_estimate":91.79471906059635,"standard_error":0.18920703822159468},"MedianAbsDev":{"confidence_interval":{"confidence_level":0.95,"lower_bound":0.9684695733801261,"upper_bound":1.69897665072628},"point_estimate":1.3604165917503066,"standard_error":0.1928735734771978},"Slope":{"confidence_interval":{"confidence_level":0.95,"lower_bound":91.6376000225656,"upper_bound":92.38442910168278},"point_estimate":91.9693566178169,"standard_error":0.1912648596499549},"StdDev":{"confidence_interval":{"confidence_level":0.95,"lower_bound":1.5077643285404774,"upper_bound":2.730830031680338},"point_estimate":2.1689086858801354,"standard_error":0.31279569027441156}}