{"Mean":{"confidence_interval":{"confidence_level":0.95,"lower_bound":0.07015348825014504,"upper_bound":0.07460156592092605},"point_estimate":0.07238180970824448,"standard_error":0.0011322794455258473},"Median":{"confidence_interval":{"confidence_level":0.95,"lower_bound":0.06977151181320096,"upper_bound":0.07340691144651479},"point_estimate":0.0717097208225439,"standard_error":0.0009318541262707714}}