{"Mean":{"confidence_interval":{"confidence_level":0.95,"lower_bound":26.334924084336446,"upper_bound":26.35095751702045},"point_estimate":26.343086202373435,"standard_error":0.004099300117766683},"Median":{"confidence_interval":{"confidence_level":0.95,"lower_bound":26.337174998487974,"upper_bound":26.353185659675848},"point_estimate":26.347333914903196,"standard_error":0.004585742061929199},"MedianAbsDev":{"confidence_interval":{"confidence_level":0.95,"lower_bound":0.027409352845217547,"upper_bound":0.04650885580926084},"point_estimate":0.03516994339797935,"standard_error":0.005020427894330847},"Slope":{"confidence_interval":{"confidence_level":0.95,"lower_bound":26.337422300401872,"upper_bound":26.35066341454987},"point_estimate":26.3440925130811,"standard_error":0.0033848025046622925},"StdDev":{"confidence_interval":{"confidence_level":0.95,"lower_bound":0.03392890839811301,"upper_bound":0.047847733025350565},"point_estimate":0.04103692964403243,"standard_error":0.0035694069766997977}}