{"Mean":{"confidence_interval":{"confidence_level":0.95,"lower_bound":24042282.2378125,"upper_bound":26095589.571505953},"point_estimate":24905465.72797619,"standard_error":543320.4321817734},"Median":{"confidence_interval":{"confidence_level":0.95,"lower_bound":23755979.166666668,"upper_bound":25452544.375},"point_estimate":24150436.585714288,"standard_error":434207.4481760255},"MedianAbsDev":{"confidence_interval":{"confidence_level":0.95,"lower_bound":85323.14664021521,"upper_bound":1887971.2229818124},"point_estimate":776004.6102456688,"standard_error":475012.72870664106},"Slope":{"confidence_interval":{"confidence_level":0.95,"lower_bound":23730142.94735577,"upper_bound":24311015.66581199},"point_estimate":23915046.202597402,"standard_error":151056.15882197107},"StdDev":{"confidence_interval":{"confidence_level":0.95,"lower_bound":456801.56187885226,"upper_bound":2671343.450356097},"point_estimate":1817657.9938316285,"standard_error":674946.2567781721}}