{"Mean":{"confidence_interval":{"confidence_level":0.95,"lower_bound":-0.16371923620268924,"upper_bound":-0.15214660322976353},"point_estimate":-0.15842924563860517,"standard_error":0.003022520834340975},"Median":{"confidence_interval":{"confidence_level":0.95,"lower_bound":-0.16727718375281464,"upper_bound":-0.15967994083471992},"point_estimate":-0.1619205084897818,"standard_error":0.001751221007652978}}