{"Mean":{"confidence_interval":{"confidence_level":0.95,"lower_bound":73.1020628552193,"upper_bound":74.08302910057766},"point_estimate":73.5422774231956,"standard_error":0.2512458387959193},"Median":{"confidence_interval":{"confidence_level":0.95,"lower_bound":72.83965678500265,"upper_bound":73.41208174473462},"point_estimate":73.28290133269249,"standard_error":0.13801559456324192},"MedianAbsDev":{"confidence_interval":{"confidence_level":0.95,"lower_bound":0.5636788188457748,"upper_bound":1.2714499927620802},"point_estimate":0.9947344594142883,"standard_error":0.1829357235906305},"Slope":{"confidence_interval":{"confidence_level":0.95,"lower_bound":73.73299767776643,"upper_bound":75.07198375795933},"point_estimate":74.3227786508665,"standard_error":0.3418285619050654},"StdDev":{"confidence_interval":{"confidence_level":0.95,"lower_bound":1.4214648889422619,"upper_bound":3.6504195695441943},"point_estimate":2.52791814405195,"standard_error":0.6264058757776747}}