{"Mean":{"confidence_interval":{"confidence_level":0.95,"lower_bound":98.93447409674899,"upper_bound":100.21241864262691},"point_estimate":99.50179428363288,"standard_error":0.3288496639892406},"Median":{"confidence_interval":{"confidence_level":0.95,"lower_bound":98.33553585851094,"upper_bound":98.8370240217798},"point_estimate":98.64079690924798,"standard_error":0.12691751585436986},"MedianAbsDev":{"confidence_interval":{"confidence_level":0.95,"lower_bound":0.7065067199657243,"upper_bound":1.416151288692468},"point_estimate":1.0081575027173477,"standard_error":0.15761037987262871},"Slope":{"confidence_interval":{"confidence_level":0.95,"lower_bound":98.9622552457842,"upper_bound":100.14995915564917},"point_estimate":99.51142289616045,"standard_error":0.30398177239576935},"StdDev":{"confidence_interval":{"confidence_level":0.95,"lower_bound":1.4920198161747424,"upper_bound":4.748099871398917},"point_estimate":3.2970822884091793,"standard_error":0.8527796429266763}}