{"Mean":{"confidence_interval":{"confidence_level":0.95,"lower_bound":-0.038632772965080026,"upper_bound":-0.02520609528533273},"point_estimate":-0.031805968458759826,"standard_error":0.003434295424615289},"Median":{"confidence_interval":{"confidence_level":0.95,"lower_bound":-0.027110223378930542,"upper_bound":-0.01810798009628911},"point_estimate":-0.022071804521668792,"standard_error":0.0022543820704105043}}