{"Mean":{"confidence_interval":{"confidence_level":0.95,"lower_bound":1556.3952725483775,"upper_bound":1563.9354411480815},"point_estimate":1560.1937943672297,"standard_error":1.9199424186358394},"Median":{"confidence_interval":{"confidence_level":0.95,"lower_bound":1554.719836891341,"upper_bound":1565.8533735393894},"point_estimate":1559.6457158727953,"standard_error":2.521386092176503},"MedianAbsDev":{"confidence_interval":{"confidence_level":0.95,"lower_bound":13.925549256758895,"upper_bound":22.012057611127105},"point_estimate":17.333321294600722,"standard_error":2.0596881497012327},"Slope":{"confidence_interval":{"confidence_level":0.95,"lower_bound":1556.3767479139126,"upper_bound":1564.3229423281284},"point_estimate":1560.3087690651473,"standard_error":2.0329204744249747},"StdDev":{"confidence_interval":{"confidence_level":0.95,"lower_bound":15.735398707021828,"upper_bound":22.931662566762366},"point_estimate":19.297592783689677,"standard_error":1.859846139804742}}