{"Mean":{"confidence_interval":{"confidence_level":0.95,"lower_bound":268.32404501551497,"upper_bound":274.72281433765096},"point_estimate":270.96996037146704,"standard_error":1.660832243812131},"Median":{"confidence_interval":{"confidence_level":0.95,"lower_bound":266.82311210577205,"upper_bound":269.07064741936654},"point_estimate":267.7790123316681,"standard_error":0.5589861610606439},"MedianAbsDev":{"confidence_interval":{"confidence_level":0.95,"lower_bound":3.226696196935961,"upper_bound":5.6169001048719105},"point_estimate":4.625334408415917,"standard_error":0.6522496643928974},"Slope":{"confidence_interval":{"confidence_level":0.95,"lower_bound":266.47605137183746,"upper_bound":272.3501724509169},"point_estimate":268.71392499509966,"standard_error":1.557910934401298},"StdDev":{"confidence_interval":{"confidence_level":0.95,"lower_bound":4.9338372702560624,"upper_bound":26.587779814125387},"point_estimate":16.714405449422546,"standard_error":6.124154980438658}}