{"Mean":{"confidence_interval":{"confidence_level":0.95,"lower_bound":5983995.841412947,"upper_bound":6041866.979166666},"point_estimate":6010428.484136905,"standard_error":14843.818609802174},"Median":{"confidence_interval":{"confidence_level":0.95,"lower_bound":5969770.507142857,"upper_bound":6039341.75},"point_estimate":6005021.770833334,"standard_error":20163.83894767501},"MedianAbsDev":{"confidence_interval":{"confidence_level":0.95,"lower_bound":2389.228390082993,"upper_bound":80844.39612097487},"point_estimate":51315.796620212495,"standard_error":19609.419530405426},"Slope":{"confidence_interval":{"confidence_level":0.95,"lower_bound":5968834.237582781,"upper_bound":6076344.93292482},"point_estimate":6025295.563961039,"standard_error":29246.142204955813},"StdDev":{"confidence_interval":{"confidence_level":0.95,"lower_bound":23827.97379528398,"upper_bound":67938.96751136692},"point_estimate":49644.67753023768,"standard_error":12824.773517503909}}