{"Mean":{"confidence_interval":{"confidence_level":0.95,"lower_bound":10.351189237075026,"upper_bound":10.432226995955654},"point_estimate":10.39065283414852,"standard_error":0.0206881305997244},"Median":{"confidence_interval":{"confidence_level":0.95,"lower_bound":10.279857217710244,"upper_bound":10.455569622740372},"point_estimate":10.349598967870676,"standard_error":0.04318955650816057},"MedianAbsDev":{"confidence_interval":{"confidence_level":0.95,"lower_bound":0.15214156465459067,"upper_bound":0.2608118336224652},"point_estimate":0.23026028517469851,"standard_error":0.028683898336181297},"Slope":{"confidence_interval":{"confidence_level":0.95,"lower_bound":10.262811633182373,"upper_bound":10.3269697270305},"point_estimate":10.293604727705771,"standard_error":0.016353652474810354},"StdDev":{"confidence_interval":{"confidence_level":0.95,"lower_bound":0.16769085819089602,"upper_bound":0.25113647886070145},"point_estimate":0.20849945095367758,"standard_error":0.021797340583233415}}