{"Mean":{"confidence_interval":{"confidence_level":0.95,"lower_bound":68.34366471807162,"upper_bound":69.43244625622808},"point_estimate":68.81492721143474,"standard_error":0.28106820681131744},"Median":{"confidence_interval":{"confidence_level":0.95,"lower_bound":68.10860545766866,"upper_bound":68.49224381052366},"point_estimate":68.2431741229018,"standard_error":0.09756780409264149},"MedianAbsDev":{"confidence_interval":{"confidence_level":0.95,"lower_bound":0.5155558951877953,"upper_bound":0.9222875572325379},"point_estimate":0.7089115698651322,"standard_error":0.10013165247961263},"Slope":{"confidence_interval":{"confidence_level":0.95,"lower_bound":68.3264064854346,"upper_bound":68.66223784469504},"point_estimate":68.4804501655416,"standard_error":0.08561731522374098},"StdDev":{"confidence_interval":{"confidence_level":0.95,"lower_bound":0.668033762976088,"upper_bound":4.290502613097414},"point_estimate":2.8359717015673556,"standard_error":0.9008612739375208}}