{"Mean":{"confidence_interval":{"confidence_level":0.95,"lower_bound":32.89483967484588,"upper_bound":33.097242530126955},"point_estimate":32.995479791811746,"standard_error":0.05153008149039416},"Median":{"confidence_interval":{"confidence_level":0.95,"lower_bound":32.54533317036648,"upper_bound":33.392748011117526},"point_estimate":33.29717469787683,"standard_error":0.25574735396609805},"MedianAbsDev":{"confidence_interval":{"confidence_level":0.95,"lower_bound":0.20643058127968253,"upper_bound":0.7717397052411659},"point_estimate":0.36963533532421405,"standard_error":0.15413349808469337},"Slope":{"confidence_interval":{"confidence_level":0.95,"lower_bound":32.888682830014716,"upper_bound":33.147365568575204},"point_estimate":33.02023599099313,"standard_error":0.06612491576875067},"StdDev":{"confidence_interval":{"confidence_level":0.95,"lower_bound":0.4880207898691667,"upper_bound":0.5461983765786593},"point_estimate":0.5182344048549793,"standard_error":0.014755419545287043}}