{"Mean":{"confidence_interval":{"confidence_level":0.95,"lower_bound":-0.16677963478066352,"upper_bound":-0.11855691912940512},"point_estimate":-0.13857406583590637,"standard_error":0.012851181809878312},"Median":{"confidence_interval":{"confidence_level":0.95,"lower_bound":-0.14348835606335486,"upper_bound":-0.1169221031256582},"point_estimate":-0.12850241765724824,"standard_error":0.0068834356577683895}}