{"Mean":{"confidence_interval":{"confidence_level":0.95,"lower_bound":74.98952471360288,"upper_bound":75.29608538438245},"point_estimate":75.14298964390723,"standard_error":0.07793543454864361},"Median":{"confidence_interval":{"confidence_level":0.95,"lower_bound":75.02079193733283,"upper_bound":75.26686124819443},"point_estimate":75.12701009425551,"standard_error":0.06383198042081631},"MedianAbsDev":{"confidence_interval":{"confidence_level":0.95,"lower_bound":0.4073176583820586,"upper_bound":0.7057183601250646},"point_estimate":0.5680378832119259,"standard_error":0.07666673726847661},"Slope":{"confidence_interval":{"confidence_level":0.95,"lower_bound":75.12097712794738,"upper_bound":75.33191320614768},"point_estimate":75.22525206117929,"standard_error":0.05374018317073924},"StdDev":{"confidence_interval":{"confidence_level":0.95,"lower_bound":0.6035098112287052,"upper_bound":0.9471159803508876},"point_estimate":0.7821578198998556,"standard_error":0.08789986114657382}}