{"Mean":{"confidence_interval":{"confidence_level":0.95,"lower_bound":-0.08594245818056463,"upper_bound":-0.06649849909052255},"point_estimate":-0.07728314315083995,"standard_error":0.0050737686932181315},"Median":{"confidence_interval":{"confidence_level":0.95,"lower_bound":-0.08654991992770711,"upper_bound":-0.07216617606619069},"point_estimate":-0.08296087187761747,"standard_error":0.0034720715018367767}}