{"Mean":{"confidence_interval":{"confidence_level":0.95,"lower_bound":17877110.34829365,"upper_bound":18865705.408869047},"point_estimate":18288700.883313492,"standard_error":260076.85809026822},"Median":{"confidence_interval":{"confidence_level":0.95,"lower_bound":17739871.8125,"upper_bound":18493617.625},"point_estimate":18026039.441666666,"standard_error":176298.7291872481},"MedianAbsDev":{"confidence_interval":{"confidence_level":0.95,"lower_bound":60335.634368829706,"upper_bound":910365.3714127857},"point_estimate":462644.67417849845,"standard_error":226079.57673910612},"Slope":{"confidence_interval":{"confidence_level":0.95,"lower_bound":17687132.49770642,"upper_bound":18039405.61401009},"point_estimate":17805638.757142857,"standard_error":89598.95142355365},"StdDev":{"confidence_interval":{"confidence_level":0.95,"lower_bound":205035.03561556042,"upper_bound":1269823.135384666},"point_estimate":866360.0645910472,"standard_error":318459.46593509}}