{"Mean":{"confidence_interval":{"confidence_level":0.95,"lower_bound":-0.6135228172621312,"upper_bound":-0.6069596833241053},"point_estimate":-0.6102375616929403,"standard_error":0.0016926565554293363},"Median":{"confidence_interval":{"confidence_level":0.95,"lower_bound":-0.6159051131089173,"upper_bound":-0.606074625520302},"point_estimate":-0.6081719895707413,"standard_error":0.0030128307795359672}}