{"Mean":{"confidence_interval":{"confidence_level":0.95,"lower_bound":18442974.560552906,"upper_bound":18581628.69925926},"point_estimate":18503026.29415344,"standard_error":35980.98316903343},"Median":{"confidence_interval":{"confidence_level":0.95,"lower_bound":18428100.075396825,"upper_bound":18544383.925925925},"point_estimate":18476474.361111112,"standard_error":31759.863624535457},"MedianAbsDev":{"confidence_interval":{"confidence_level":0.95,"lower_bound":18871.550281629763,"upper_bound":144263.48518992192},"point_estimate":68617.35565124174,"standard_error":31125.667628429004},"Slope":{"confidence_interval":{"confidence_level":0.95,"lower_bound":18403272.059046544,"upper_bound":18507596.17389137},"point_estimate":18455223.381818183,"standard_error":27749.747516476957},"StdDev":{"confidence_interval":{"confidence_level":0.95,"lower_bound":41141.820370891735,"upper_bound":173274.4908743731},"point_estimate":120164.60723351329,"standard_error":40195.85247011289}}