{"Mean":{"confidence_interval":{"confidence_level":0.95,"lower_bound":-0.0912303431394537,"upper_bound":0.023267091379417886},"point_estimate":-0.036451115352391206,"standard_error":0.029224236177908945},"Median":{"confidence_interval":{"confidence_level":0.95,"lower_bound":-0.08521568068142438,"upper_bound":0.011796866217707258},"point_estimate":-0.04167810575430442,"standard_error":0.025052051183161284}}