{"Mean":{"confidence_interval":{"confidence_level":0.95,"lower_bound":257.2099737464637,"upper_bound":257.2674896867397},"point_estimate":257.2378913490447,"standard_error":0.01467706555119372},"Median":{"confidence_interval":{"confidence_level":0.95,"lower_bound":257.17726550079493,"upper_bound":257.24253747198316},"point_estimate":257.21583697117694,"standard_error":0.017810321455792442},"MedianAbsDev":{"confidence_interval":{"confidence_level":0.95,"lower_bound":0.09743020139877559,"upper_bound":0.1696914287165974},"point_estimate":0.13718836341211957,"standard_error":0.019439497228481872},"Slope":{"confidence_interval":{"confidence_level":0.95,"lower_bound":257.19267834458145,"upper_bound":257.24464159695054},"point_estimate":257.218020795313,"standard_error":0.013233844753703929},"StdDev":{"confidence_interval":{"confidence_level":0.95,"lower_bound":0.11888005617082893,"upper_bound":0.17592995923777535},"point_estimate":0.14796395180075653,"standard_error":0.014679662370958815}}