{"Mean":{"confidence_interval":{"confidence_level":0.95,"lower_bound":130.9586054497843,"upper_bound":132.6974427802793},"point_estimate":131.626471452688,"standard_error":0.46875249975021244},"Median":{"confidence_interval":{"confidence_level":0.95,"lower_bound":130.5180161062434,"upper_bound":131.14456873215997},"point_estimate":130.8432195951059,"standard_error":0.16917695319307308},"MedianAbsDev":{"confidence_interval":{"confidence_level":0.95,"lower_bound":0.8641478217360704,"upper_bound":1.5742035110923256},"point_estimate":1.2695914892340805,"standard_error":0.17937974281402336},"Slope":{"confidence_interval":{"confidence_level":0.95,"lower_bound":130.81188525073603,"upper_bound":131.47220678187605},"point_estimate":131.13462310737012,"standard_error":0.16831030416791784},"StdDev":{"confidence_interval":{"confidence_level":0.95,"lower_bound":1.2641502559064781,"upper_bound":7.807524752307168},"point_estimate":4.7056402751646855,"standard_error":2.2111689668919423}}