{"Mean":{"confidence_interval":{"confidence_level":0.95,"lower_bound":-0.06435079384817473,"upper_bound":-0.03764564983372048},"point_estimate":-0.05135612549040558,"standard_error":0.0068436314113571785},"Median":{"confidence_interval":{"confidence_level":0.95,"lower_bound":-0.07126496515648673,"upper_bound":-0.0348193773952602},"point_estimate":-0.054759886848875894,"standard_error":0.009588075056456697}}