{"Mean":{"confidence_interval":{"confidence_level":0.95,"lower_bound":-0.4191032417544598,"upper_bound":-0.4184850746910762},"point_estimate":-0.41880291944777004,"standard_error":0.00015673814255153152},"Median":{"confidence_interval":{"confidence_level":0.95,"lower_bound":-0.4192958073101585,"upper_bound":-0.4187432840740364},"point_estimate":-0.419056294946046,"standard_error":0.0001397592982718257}}