{"Mean":{"confidence_interval":{"confidence_level":0.95,"lower_bound":93.02311755933717,"upper_bound":95.12445658428523},"point_estimate":94.01749484407733,"standard_error":0.5372227212613175},"Median":{"confidence_interval":{"confidence_level":0.95,"lower_bound":91.16574039891043,"upper_bound":92.59527889110475},"point_estimate":91.7102627531536,"standard_error":0.38023801253334005},"MedianAbsDev":{"confidence_interval":{"confidence_level":0.95,"lower_bound":1.6157192111307948,"upper_bound":3.7566915672047103},"point_estimate":2.3984587336199144,"standard_error":0.568652608717411},"Slope":{"confidence_interval":{"confidence_level":0.95,"lower_bound":91.25917684333095,"upper_bound":92.49328948959712},"point_estimate":91.81753325026818,"standard_error":0.3141373439477063},"StdDev":{"confidence_interval":{"confidence_level":0.95,"lower_bound":3.8798891701188785,"upper_bound":6.728407751613961},"point_estimate":5.392609834282385,"standard_error":0.7307421238492577}}