{"Mean":{"confidence_interval":{"confidence_level":0.95,"lower_bound":2187884.069444444,"upper_bound":2218318.8222475196},"point_estimate":2201313.80531746,"standard_error":7842.239081397157},"Median":{"confidence_interval":{"confidence_level":0.95,"lower_bound":2180610.9625,"upper_bound":2207898.7375},"point_estimate":2199763.4291666667,"standard_error":6513.764716819402},"MedianAbsDev":{"confidence_interval":{"confidence_level":0.95,"lower_bound":1590.0369926041503,"upper_bound":34727.445738464776},"point_estimate":16286.456462107415,"standard_error":8578.327473742846},"Slope":{"confidence_interval":{"confidence_level":0.95,"lower_bound":2179873.149289773,"upper_bound":2211792.578210117},"point_estimate":2191946.18987013,"standard_error":8193.887266833122},"StdDev":{"confidence_interval":{"confidence_level":0.95,"lower_bound":9825.32287528139,"upper_bound":37470.29478564074},"point_estimate":26114.611887546856,"standard_error":8364.873399533482}}