{"Mean":{"confidence_interval":{"confidence_level":0.95,"lower_bound":1621.670007897884,"upper_bound":1632.6338470845155},"point_estimate":1626.958143434668,"standard_error":2.8062230446670506},"Median":{"confidence_interval":{"confidence_level":0.95,"lower_bound":1617.1795800353493,"upper_bound":1625.6672671590704},"point_estimate":1621.9032972756409,"standard_error":2.307852559727099},"MedianAbsDev":{"confidence_interval":{"confidence_level":0.95,"lower_bound":14.468765440243423,"upper_bound":25.010797599930072},"point_estimate":18.90791650708995,"standard_error":2.78087600063241},"Slope":{"confidence_interval":{"confidence_level":0.95,"lower_bound":1619.3154150359137,"upper_bound":1630.4693881481355},"point_estimate":1624.525079498601,"standard_error":2.851038610904773},"StdDev":{"confidence_interval":{"confidence_level":0.95,"lower_bound":20.881459808755334,"upper_bound":34.79260527771322},"point_estimate":28.185102680261746,"standard_error":3.561942163270159}}