{"Mean":{"confidence_interval":{"confidence_level":0.95,"lower_bound":2491930.2683422617,"upper_bound":2531163.3739285716},"point_estimate":2508348.363186508,"standard_error":10331.000320535848},"Median":{"confidence_interval":{"confidence_level":0.95,"lower_bound":2488656.99,"upper_bound":2520459.6550000003},"point_estimate":2493962.6375,"standard_error":7703.740399694643},"MedianAbsDev":{"confidence_interval":{"confidence_level":0.95,"lower_bound":828.2475917960762,"upper_bound":36817.46815685925},"point_estimate":9688.049528002739,"standard_error":9275.576751884904},"Slope":{"confidence_interval":{"confidence_level":0.95,"lower_bound":2489048.301440802,"upper_bound":2552723.7803736483},"point_estimate":2520481.693896104,"standard_error":16733.688655569928},"StdDev":{"confidence_interval":{"confidence_level":0.95,"lower_bound":5786.655000186995,"upper_bound":49745.13899516011},"point_estimate":34471.88736997966,"standard_error":12716.606047885954}}