{"Mean":{"confidence_interval":{"confidence_level":0.95,"lower_bound":0.05576390152420367,"upper_bound":0.0564882673080288},"point_estimate":0.05615121714955884,"standard_error":0.00018534830919101014},"Median":{"confidence_interval":{"confidence_level":0.95,"lower_bound":0.0561743396402441,"upper_bound":0.056515715658169964},"point_estimate":0.056318538002462004,"standard_error":0.00008561226685575813}}