{"Mean":{"confidence_interval":{"confidence_level":0.95,"lower_bound":-0.00634205178138756,"upper_bound":0.006911573239782759},"point_estimate":0.00007971948448282085,"standard_error":0.00339380438682845},"Median":{"confidence_interval":{"confidence_level":0.95,"lower_bound":-0.00999329644833502,"upper_bound":0.005761445003771737},"point_estimate":0.0005988377751473539,"standard_error":0.003911295163200843}}