{"Mean":{"confidence_interval":{"confidence_level":0.95,"lower_bound":0.015222744773074887,"upper_bound":0.020074324070432643},"point_estimate":0.01770758336803202,"standard_error":0.0012335155951087417},"Median":{"confidence_interval":{"confidence_level":0.95,"lower_bound":0.015834566678449402,"upper_bound":0.020030196698279434},"point_estimate":0.018096237883803434,"standard_error":0.0010924839552185254}}