{"Mean":{"confidence_interval":{"confidence_level":0.95,"lower_bound":1611009.8782587736,"upper_bound":1615703.1930865885},"point_estimate":1613089.6165562996,"standard_error":1216.2739668571712},"Median":{"confidence_interval":{"confidence_level":0.95,"lower_bound":1610279.982142857,"upper_bound":1615504.388888889},"point_estimate":1611520.078125,"standard_error":1234.0591458257115},"MedianAbsDev":{"confidence_interval":{"confidence_level":0.95,"lower_bound":326.67777701286764,"upper_bound":5907.139033669138},"point_estimate":1916.8036171418821,"standard_error":1433.3909565290076},"Slope":{"confidence_interval":{"confidence_level":0.95,"lower_bound":1610555.623663691,"upper_bound":1618829.3058483936},"point_estimate":1614817.4656655844,"standard_error":2278.59673519706},"StdDev":{"confidence_interval":{"confidence_level":0.95,"lower_bound":896.1345017320751,"upper_bound":5601.494127204227},"point_estimate":4044.5047536102547,"standard_error":1197.7543709155632}}