{"Mean":{"confidence_interval":{"confidence_level":0.95,"lower_bound":-0.025499737715487754,"upper_bound":0.07457653488452498},"point_estimate":0.018412733214155486,"standard_error":0.025506569356145665},"Median":{"confidence_interval":{"confidence_level":0.95,"lower_bound":-0.03246938955826295,"upper_bound":0.08705014568073426},"point_estimate":-0.009767198018986845,"standard_error":0.02624100437684266}}