{"Mean":{"confidence_interval":{"confidence_level":0.95,"lower_bound":92.21558656627484,"upper_bound":93.29314167901134},"point_estimate":92.70097633786823,"standard_error":0.2755464327640604},"Median":{"confidence_interval":{"confidence_level":0.95,"lower_bound":91.96335848239939,"upper_bound":92.35884942513998},"point_estimate":92.11714073029306,"standard_error":0.10808230592957065},"MedianAbsDev":{"confidence_interval":{"confidence_level":0.95,"lower_bound":0.659581414344132,"upper_bound":1.2214506729377193},"point_estimate":0.8297729959644081,"standard_error":0.14992559348692636},"Slope":{"confidence_interval":{"confidence_level":0.95,"lower_bound":92.34447648232546,"upper_bound":92.96521838337084},"point_estimate":92.6351691685178,"standard_error":0.1584579985112349},"StdDev":{"confidence_interval":{"confidence_level":0.95,"lower_bound":1.4390731564667822,"upper_bound":3.9243275776649567},"point_estimate":2.7768172198331773,"standard_error":0.6394145514188012}}