{"Mean":{"confidence_interval":{"confidence_level":0.95,"lower_bound":66.68680175094642,"upper_bound":66.89441319318644},"point_estimate":66.78961690058652,"standard_error":0.052942522579307025},"Median":{"confidence_interval":{"confidence_level":0.95,"lower_bound":66.58415803605676,"upper_bound":66.87537354626983},"point_estimate":66.7306640774837,"standard_error":0.061961192305280854},"MedianAbsDev":{"confidence_interval":{"confidence_level":0.95,"lower_bound":0.3466170391727511,"upper_bound":0.5612840030797698},"point_estimate":0.43238992251149483,"standard_error":0.05263791773980478},"Slope":{"confidence_interval":{"confidence_level":0.95,"lower_bound":66.67946087875599,"upper_bound":66.87960662216057},"point_estimate":66.77817671863541,"standard_error":0.051053046589287256},"StdDev":{"confidence_interval":{"confidence_level":0.95,"lower_bound":0.440395195361852,"upper_bound":0.620455261870717},"point_estimate":0.5327350919073445,"standard_error":0.046112562208984104}}