{"Mean":{"confidence_interval":{"confidence_level":0.95,"lower_bound":36229551.82277679,"upper_bound":37019952.74384722},"point_estimate":36589426.6693254,"standard_error":203808.51373977904},"Median":{"confidence_interval":{"confidence_level":0.95,"lower_bound":36061382.6,"upper_bound":36944296.94444445},"point_estimate":36517514.3125,"standard_error":252707.1942933412},"MedianAbsDev":{"confidence_interval":{"confidence_level":0.95,"lower_bound":84592.53372818157,"upper_bound":1063076.712821616},"point_estimate":642721.0394435897,"standard_error":231823.87260811296},"Slope":{"confidence_interval":{"confidence_level":0.95,"lower_bound":36320691.50340136,"upper_bound":36831709.00312094},"point_estimate":36608676.66623376,"standard_error":130805.84310284271},"StdDev":{"confidence_interval":{"confidence_level":0.95,"lower_bound":311837.6269435663,"upper_bound":940524.4761697577},"point_estimate":679526.6079288834,"standard_error":184182.9071201476}}