{"Mean":{"confidence_interval":{"confidence_level":0.95,"lower_bound":4288021.945866566,"upper_bound":4454680.664808234},"point_estimate":4351834.0729325395,"standard_error":46507.108286293005},"Median":{"confidence_interval":{"confidence_level":0.95,"lower_bound":4274679.3125,"upper_bound":4347109.2},"point_estimate":4314880.132222222,"standard_error":20540.51580731207},"MedianAbsDev":{"confidence_interval":{"confidence_level":0.95,"lower_bound":2635.6972805408727,"upper_bound":87401.94771830572},"point_estimate":53692.274650521715,"standard_error":23069.031638360688},"Slope":{"confidence_interval":{"confidence_level":0.95,"lower_bound":4292072.765878304,"upper_bound":4478946.744615384},"point_estimate":4360629.173506494,"standard_error":48846.12813317289},"StdDev":{"confidence_interval":{"confidence_level":0.95,"lower_bound":24941.048220069264,"upper_bound":236396.42983550284},"point_estimate":154553.64285324895,"standard_error":72321.95894547226}}