{"Mean":{"confidence_interval":{"confidence_level":0.95,"lower_bound":38851561.355734125,"upper_bound":39945804.23708334},"point_estimate":39324453.26365079,"standard_error":283859.904089638},"Median":{"confidence_interval":{"confidence_level":0.95,"lower_bound":38785179.71428572,"upper_bound":39605083.5},"point_estimate":39074067.11111111,"standard_error":208080.4396037632},"MedianAbsDev":{"confidence_interval":{"confidence_level":0.95,"lower_bound":122013.38177382725,"upper_bound":1157562.7508991514},"point_estimate":444296.1514854973,"standard_error":268785.22180465324},"Slope":{"confidence_interval":{"confidence_level":0.95,"lower_bound":38810547.82252707,"upper_bound":39627996.91818182},"point_estimate":39245563.51688312,"standard_error":207866.2283244705},"StdDev":{"confidence_interval":{"confidence_level":0.95,"lower_bound":287240.4408842082,"upper_bound":1365316.4852712797},"point_estimate":945957.2204815595,"standard_error":319842.9265908956}}