{"Mean":{"confidence_interval":{"confidence_level":0.95,"lower_bound":18.523987814747798,"upper_bound":18.608589927261928},"point_estimate":18.5661010843878,"standard_error":0.02158626323506919},"Median":{"confidence_interval":{"confidence_level":0.95,"lower_bound":18.514375238852196,"upper_bound":18.615187848894067},"point_estimate":18.547257786288533,"standard_error":0.027170509431508068},"MedianAbsDev":{"confidence_interval":{"confidence_level":0.95,"lower_bound":0.1424462247042561,"upper_bound":0.23841128043721627},"point_estimate":0.18107449576261164,"standard_error":0.024431160879432885},"Slope":{"confidence_interval":{"confidence_level":0.95,"lower_bound":18.533399308629413,"upper_bound":18.606253290417115},"point_estimate":18.569022697171263,"standard_error":0.01861797047666021},"StdDev":{"confidence_interval":{"confidence_level":0.95,"lower_bound":0.1778320526560533,"upper_bound":0.2533056954136201},"point_estimate":0.21612066851427542,"standard_error":0.019301635621580625}}