{"Mean":{"confidence_interval":{"confidence_level":0.95,"lower_bound":0.05038987622408733,"upper_bound":0.06887996600693985},"point_estimate":0.060340791444820185,"standard_error":0.004677170036073588},"Median":{"confidence_interval":{"confidence_level":0.95,"lower_bound":0.056834710471413086,"upper_bound":0.06494364452448531},"point_estimate":0.06093569915871644,"standard_error":0.0020174591313223836}}