{"Mean":{"confidence_interval":{"confidence_level":0.95,"lower_bound":-0.0067860766088910585,"upper_bound":0.00656562322889405},"point_estimate":-0.0005867474659916327,"standard_error":0.0033801310318922837},"Median":{"confidence_interval":{"confidence_level":0.95,"lower_bound":-0.005583284000233002,"upper_bound":0.004285126048350296},"point_estimate":-0.0023389804055014007,"standard_error":0.0029771378037972297}}