{"Mean":{"confidence_interval":{"confidence_level":0.95,"lower_bound":0.02730264555008643,"upper_bound":0.029440472470960995},"point_estimate":0.028390221565735896,"standard_error":0.0005457783252322205},"Median":{"confidence_interval":{"confidence_level":0.95,"lower_bound":0.027223453479470416,"upper_bound":0.02859596909380757},"point_estimate":0.028069012554761352,"standard_error":0.0003407007563143211}}