{"Mean":{"confidence_interval":{"confidence_level":0.95,"lower_bound":-0.002573781134755523,"upper_bound":0.0005487682920576549},"point_estimate":-0.0007971419846598549,"standard_error":0.000802104474171704},"Median":{"confidence_interval":{"confidence_level":0.95,"lower_bound":-0.0009310048782174007,"upper_bound":0.0010044469547947354},"point_estimate":-0.00006500582596036253,"standard_error":0.00048153419722136645}}