{"Mean":{"confidence_interval":{"confidence_level":0.95,"lower_bound":-0.5220576474572729,"upper_bound":-0.5196450549075958},"point_estimate":-0.5208447244612906,"standard_error":0.0006141292486286008},"Median":{"confidence_interval":{"confidence_level":0.95,"lower_bound":-0.5229628103920106,"upper_bound":-0.5199335341917697},"point_estimate":-0.5217313205767333,"standard_error":0.0007833275948964638}}