{"Mean":{"confidence_interval":{"confidence_level":0.95,"lower_bound":1942572.7536730159,"upper_bound":1968407.9133216664},"point_estimate":1954151.771069841,"standard_error":6661.921592855369},"Median":{"confidence_interval":{"confidence_level":0.95,"lower_bound":1936809.1,"upper_bound":1965746.26},"point_estimate":1946708.7216666667,"standard_error":9049.047978811719},"MedianAbsDev":{"confidence_interval":{"confidence_level":0.95,"lower_bound":743.7077291966507,"upper_bound":35246.81467631049},"point_estimate":15056.629529291426,"standard_error":9343.468807254954},"Slope":{"confidence_interval":{"confidence_level":0.95,"lower_bound":1937760.671541634,"upper_bound":1956317.0768965518},"point_estimate":1945588.4441558442,"standard_error":4917.902663938535},"StdDev":{"confidence_interval":{"confidence_level":0.95,"lower_bound":9219.022972920213,"upper_bound":30949.394444861202},"point_estimate":22192.84915892179,"standard_error":6307.054377761075}}