{"Mean":{"confidence_interval":{"confidence_level":0.95,"lower_bound":0.46325275017253786,"upper_bound":0.5051428863109051},"point_estimate":0.48652565753115296,"standard_error":0.010853375256110232},"Median":{"confidence_interval":{"confidence_level":0.95,"lower_bound":0.47509060910296674,"upper_bound":0.5074732065326215},"point_estimate":0.49624739103744986,"standard_error":0.008253951996844831}}