{"Mean":{"confidence_interval":{"confidence_level":0.95,"lower_bound":2055.1226867899422,"upper_bound":2056.3001640953025},"point_estimate":2055.7006703143616,"standard_error":0.3012535775084507},"Median":{"confidence_interval":{"confidence_level":0.95,"lower_bound":2054.9692848020436,"upper_bound":2055.9587551893587},"point_estimate":2055.5321773920296,"standard_error":0.25500049038793093},"MedianAbsDev":{"confidence_interval":{"confidence_level":0.95,"lower_bound":1.6986443679630983,"upper_bound":2.913195339085029},"point_estimate":2.237253318195291,"standard_error":0.317051162341447},"Slope":{"confidence_interval":{"confidence_level":0.95,"lower_bound":2055.586938092319,"upper_bound":2057.102002590494},"point_estimate":2056.3121326518653,"standard_error":0.38641064420611226},"StdDev":{"confidence_interval":{"confidence_level":0.95,"lower_bound":2.4317341768809677,"upper_bound":3.5725490858354685},"point_estimate":3.027190704560203,"standard_error":0.29195061809653183}}