{"Mean":{"confidence_interval":{"confidence_level":0.95,"lower_bound":17675201.98830953,"upper_bound":17733907.88404762},"point_estimate":17704387.91605159,"standard_error":15056.711148604749},"Median":{"confidence_interval":{"confidence_level":0.95,"lower_bound":17662750.5625,"upper_bound":17750723.55},"point_estimate":17700252.526785716,"standard_error":21905.67610831947},"MedianAbsDev":{"confidence_interval":{"confidence_level":0.95,"lower_bound":15455.687744356692,"upper_bound":86998.26222046989},"point_estimate":59841.80546884874,"standard_error":17815.796306514494},"Slope":{"confidence_interval":{"confidence_level":0.95,"lower_bound":17671208.07120253,"upper_bound":17736233.82728625},"point_estimate":17709298.48961039,"standard_error":16764.473512247176},"StdDev":{"confidence_interval":{"confidence_level":0.95,"lower_bound":29288.105592407166,"upper_bound":63268.31948253973},"point_estimate":50283.3264157484,"standard_error":8698.007467703084}}