{"Mean":{"confidence_interval":{"confidence_level":0.95,"lower_bound":-0.004046627570742467,"upper_bound":0.009185751093613234},"point_estimate":0.0020498432815168055,"standard_error":0.0034030354100024383},"Median":{"confidence_interval":{"confidence_level":0.95,"lower_bound":-0.0062459322892580715,"upper_bound":0.008785445510060219},"point_estimate":-0.0008502377079373513,"standard_error":0.0036923513912855456}}