{"Mean":{"confidence_interval":{"confidence_level":0.95,"lower_bound":128.24721068306164,"upper_bound":129.34276577261318},"point_estimate":128.76558539445585,"standard_error":0.279290757984806},"Median":{"confidence_interval":{"confidence_level":0.95,"lower_bound":127.78960077269801,"upper_bound":129.0897927064218},"point_estimate":128.30764322945578,"standard_error":0.3413504854124099},"MedianAbsDev":{"confidence_interval":{"confidence_level":0.95,"lower_bound":1.5852258286660212,"upper_bound":2.37081410402677},"point_estimate":2.070886886654636,"standard_error":0.1984038075819639},"Slope":{"confidence_interval":{"confidence_level":0.95,"lower_bound":129.27913434591431,"upper_bound":130.36494174432755},"point_estimate":129.7955051586311,"standard_error":0.2765065498226636},"StdDev":{"confidence_interval":{"confidence_level":0.95,"lower_bound":1.9888941264522744,"upper_bound":3.6280984183328524},"point_estimate":2.8009036736653043,"standard_error":0.4260892986973669}}