{"Mean":{"confidence_interval":{"confidence_level":0.95,"lower_bound":6248568.366681547,"upper_bound":6321801.059484126},"point_estimate":6284594.202420634,"standard_error":18733.038638544756},"Median":{"confidence_interval":{"confidence_level":0.95,"lower_bound":6237401.428571428,"upper_bound":6331155.346031746},"point_estimate":6278015.125,"standard_error":20478.316925913306},"MedianAbsDev":{"confidence_interval":{"confidence_level":0.95,"lower_bound":3048.199070883846,"upper_bound":121083.03970034614},"point_estimate":54865.13433844886,"standard_error":31427.87608649244},"Slope":{"confidence_interval":{"confidence_level":0.95,"lower_bound":6278794.221342893,"upper_bound":6360612.289990695},"point_estimate":6331092.276437848,"standard_error":20320.877970464633},"StdDev":{"confidence_interval":{"confidence_level":0.95,"lower_bound":33883.443069629684,"upper_bound":78551.04344663859},"point_estimate":62325.220599916116,"standard_error":11519.437894133333}}