{"Mean":{"confidence_interval":{"confidence_level":0.95,"lower_bound":5743672.593247165,"upper_bound":5842391.290282313},"point_estimate":5786969.088679138,"standard_error":25586.012294860167},"Median":{"confidence_interval":{"confidence_level":0.95,"lower_bound":5732388.732142857,"upper_bound":5821296.928571429},"point_estimate":5761747.746031746,"standard_error":20101.987961408904},"MedianAbsDev":{"confidence_interval":{"confidence_level":0.95,"lower_bound":9280.85058761293,"upper_bound":114505.31282962473},"point_estimate":44862.238232703276,"standard_error":26737.96893656918},"Slope":{"confidence_interval":{"confidence_level":0.95,"lower_bound":5715642.4603603035,"upper_bound":5769805.598726114},"point_estimate":5741101.28348794,"standard_error":14657.223746086373},"StdDev":{"confidence_interval":{"confidence_level":0.95,"lower_bound":25425.425768736735,"upper_bound":120155.06212356711},"point_estimate":85404.72588272385,"standard_error":26712.577708990375}}