{"Mean":{"confidence_interval":{"confidence_level":0.95,"lower_bound":87.21523641531287,"upper_bound":87.5500510008222},"point_estimate":87.38692147043696,"standard_error":0.08500748014294308},"Median":{"confidence_interval":{"confidence_level":0.95,"lower_bound":87.24206868201031,"upper_bound":87.55832001135781},"point_estimate":87.44146835121427,"standard_error":0.07687111286859925},"MedianAbsDev":{"confidence_interval":{"confidence_level":0.95,"lower_bound":0.47006410619599964,"upper_bound":0.9181578441926993},"point_estimate":0.6096257648881278,"standard_error":0.12191459261360937},"Slope":{"confidence_interval":{"confidence_level":0.95,"lower_bound":87.27054674688831,"upper_bound":87.49443413010472},"point_estimate":87.38221731618219,"standard_error":0.05716394767010084},"StdDev":{"confidence_interval":{"confidence_level":0.95,"lower_bound":0.628524749320385,"upper_bound":1.065673516502094},"point_estimate":0.8536903448170102,"standard_error":0.11252481776356818}}