{"Mean":{"confidence_interval":{"confidence_level":0.95,"lower_bound":-0.4880200512505757,"upper_bound":-0.47563213621002626},"point_estimate":-0.48149252576304846,"standard_error":0.003144022288670458},"Median":{"confidence_interval":{"confidence_level":0.95,"lower_bound":-0.48741813536138867,"upper_bound":-0.47231301477629584},"point_estimate":-0.47850962664626784,"standard_error":0.003982518869962505}}