{"Mean":{"confidence_interval":{"confidence_level":0.95,"lower_bound":162.64836886410822,"upper_bound":162.7087416184235},"point_estimate":162.677311443285,"standard_error":0.015447565821275813},"Median":{"confidence_interval":{"confidence_level":0.95,"lower_bound":162.60637676310586,"upper_bound":162.64177824032402},"point_estimate":162.62383364860875,"standard_error":0.007661326266294465},"MedianAbsDev":{"confidence_interval":{"confidence_level":0.95,"lower_bound":0.06682812669391965,"upper_bound":0.11801211550272946},"point_estimate":0.09970800247851842,"standard_error":0.013155237953101502},"Slope":{"confidence_interval":{"confidence_level":0.95,"lower_bound":162.63756218808214,"upper_bound":162.70245627593772},"point_estimate":162.66651754705543,"standard_error":0.016614361072762512},"StdDev":{"confidence_interval":{"confidence_level":0.95,"lower_bound":0.12210922522502764,"upper_bound":0.18256908357189006},"point_estimate":0.1550377777943093,"standard_error":0.01545829411504137}}