{"Mean":{"confidence_interval":{"confidence_level":0.95,"lower_bound":82.88096422950113,"upper_bound":82.91936945941566},"point_estimate":82.89883694600711,"standard_error":0.009838228581812863},"Median":{"confidence_interval":{"confidence_level":0.95,"lower_bound":82.86115614923882,"upper_bound":82.88190663298718},"point_estimate":82.8689720239766,"standard_error":0.005093373631208276},"MedianAbsDev":{"confidence_interval":{"confidence_level":0.95,"lower_bound":0.03588609681529083,"upper_bound":0.06396594727742358},"point_estimate":0.04844146299578481,"standard_error":0.007572262432263552},"Slope":{"confidence_interval":{"confidence_level":0.95,"lower_bound":82.87309838853993,"upper_bound":82.9238232881216},"point_estimate":82.89613862630394,"standard_error":0.013050127723365109},"StdDev":{"confidence_interval":{"confidence_level":0.95,"lower_bound":0.061755654850245464,"upper_bound":0.1319807690428402},"point_estimate":0.09877409430627959,"standard_error":0.018068071467852973}}