{"Mean":{"confidence_interval":{"confidence_level":0.95,"lower_bound":-0.014724772872697174,"upper_bound":0.0155424663057703},"point_estimate":0.0004414212982819521,"standard_error":0.007680052153452299},"Median":{"confidence_interval":{"confidence_level":0.95,"lower_bound":-0.01745359738783625,"upper_bound":0.016222500118757033},"point_estimate":0.0021112991971263817,"standard_error":0.006836352800939109}}