{"Mean":{"confidence_interval":{"confidence_level":0.95,"lower_bound":-0.05043978392574995,"upper_bound":-0.028452468894936276},"point_estimate":-0.039147199650164444,"standard_error":0.00561103108056537},"Median":{"confidence_interval":{"confidence_level":0.95,"lower_bound":-0.038624346465890746,"upper_bound":-0.011166026738628099},"point_estimate":-0.022985905413029695,"standard_error":0.006349097932421185}}