{"Mean":{"confidence_interval":{"confidence_level":0.95,"lower_bound":36.65434915017193,"upper_bound":36.793636592796645},"point_estimate":36.72058798873518,"standard_error":0.03556379684037721},"Median":{"confidence_interval":{"confidence_level":0.95,"lower_bound":36.6076642868172,"upper_bound":36.70186694747275},"point_estimate":36.64025145965987,"standard_error":0.02653426264657667},"MedianAbsDev":{"confidence_interval":{"confidence_level":0.95,"lower_bound":0.186375036307932,"upper_bound":0.305663491356075},"point_estimate":0.24310497436572306,"standard_error":0.030680855779893438},"Slope":{"confidence_interval":{"confidence_level":0.95,"lower_bound":36.59249776997989,"upper_bound":36.69188045169563},"point_estimate":36.64091843846493,"standard_error":0.02532443274939966},"StdDev":{"confidence_interval":{"confidence_level":0.95,"lower_bound":0.25793560247952596,"upper_bound":0.46631850957257187},"point_estimate":0.3586365050509109,"standard_error":0.05515740456819549}}