{"Mean":{"confidence_interval":{"confidence_level":0.95,"lower_bound":2240.9265717818344,"upper_bound":2260.508227468519},"point_estimate":2249.605361551928,"standard_error":5.023420681009165},"Median":{"confidence_interval":{"confidence_level":0.95,"lower_bound":2232.7335849056603,"upper_bound":2249.2830188679245},"point_estimate":2238.6618087182824,"standard_error":4.1837287982936795},"MedianAbsDev":{"confidence_interval":{"confidence_level":0.95,"lower_bound":21.12508411254168,"upper_bound":34.80195038512121},"point_estimate":27.13881406601011,"standard_error":3.520762857996245},"Slope":{"confidence_interval":{"confidence_level":0.95,"lower_bound":2232.914117220353,"upper_bound":2245.91762311809},"point_estimate":2239.006543230048,"standard_error":3.3369366275460695},"StdDev":{"confidence_interval":{"confidence_level":0.95,"lower_bound":25.43146913338098,"upper_bound":75.40197178839564},"point_estimate":50.45606371053025,"standard_error":14.256575476403912}}