{"Mean":{"confidence_interval":{"confidence_level":0.95,"lower_bound":27.433324757828085,"upper_bound":27.72782118487708},"point_estimate":27.571886544542156,"standard_error":0.07562314425562433},"Median":{"confidence_interval":{"confidence_level":0.95,"lower_bound":27.192049861495846,"upper_bound":27.23118541443006},"point_estimate":27.211383270234624,"standard_error":0.010671562072821588},"MedianAbsDev":{"confidence_interval":{"confidence_level":0.95,"lower_bound":0.015252422008518698,"upper_bound":0.06876349070384954},"point_estimate":0.039970803451449675,"standard_error":0.014039694291681544},"Slope":{"confidence_interval":{"confidence_level":0.95,"lower_bound":27.270103355312738,"upper_bound":27.394874305848354},"point_estimate":27.32381232096832,"standard_error":0.0319081868513229},"StdDev":{"confidence_interval":{"confidence_level":0.95,"lower_bound":0.5302237216284229,"upper_bound":0.9729062622812802},"point_estimate":0.7593688548961262,"standard_error":0.11419822660901453}}