{"Mean":{"confidence_interval":{"confidence_level":0.95,"lower_bound":7925030.590833333,"upper_bound":8141707.682407407},"point_estimate":8025937.777037038,"standard_error":55418.893391390484},"Median":{"confidence_interval":{"confidence_level":0.95,"lower_bound":7895475.875,"upper_bound":8192341.87037037},"point_estimate":7941095.458333334,"standard_error":77715.75931694644},"MedianAbsDev":{"confidence_interval":{"confidence_level":0.95,"lower_bound":12214.986745641556,"upper_bound":281279.00291129824},"point_estimate":67650.94413645704,"standard_error":69061.18981849498},"Slope":{"confidence_interval":{"confidence_level":0.95,"lower_bound":7935423.019097222,"upper_bound":8240058.378787879},"point_estimate":8098101.9623376625,"standard_error":76126.63961014674},"StdDev":{"confidence_interval":{"confidence_level":0.95,"lower_bound":40984.47275722157,"upper_bound":220263.00350563668},"point_estimate":184975.3270373318,"standard_error":38225.99333991971}}