{"Mean":{"confidence_interval":{"confidence_level":0.95,"lower_bound":1662.1088854307523,"upper_bound":1669.0275021887433},"point_estimate":1665.4953145458455,"standard_error":1.7682823975232875},"Median":{"confidence_interval":{"confidence_level":0.95,"lower_bound":1660.8122724419334,"upper_bound":1665.9836540725048},"point_estimate":1663.297333681669,"standard_error":1.3938711953725678},"MedianAbsDev":{"confidence_interval":{"confidence_level":0.95,"lower_bound":8.68752873092506,"upper_bound":18.992842169473192},"point_estimate":12.569423516608428,"standard_error":2.5865904931275066},"Slope":{"confidence_interval":{"confidence_level":0.95,"lower_bound":1663.1315140688616,"upper_bound":1672.5508342363948},"point_estimate":1667.4689868412595,"standard_error":2.4069814018115108},"StdDev":{"confidence_interval":{"confidence_level":0.95,"lower_bound":14.179777449979392,"upper_bound":21.093700361082885},"point_estimate":17.779083551693994,"standard_error":1.7755063797498432}}