{"Mean":{"confidence_interval":{"confidence_level":0.95,"lower_bound":80.55270148608433,"upper_bound":80.6154990544491},"point_estimate":80.5819752212211,"standard_error":0.016087988986790938},"Median":{"confidence_interval":{"confidence_level":0.95,"lower_bound":80.50297063699125,"upper_bound":80.56916605600816},"point_estimate":80.51434701434701,"standard_error":0.01579663483885257},"MedianAbsDev":{"confidence_interval":{"confidence_level":0.95,"lower_bound":0.047895292923612644,"upper_bound":0.12147930973196572},"point_estimate":0.0751641739953775,"standard_error":0.018851608579707437},"Slope":{"confidence_interval":{"confidence_level":0.95,"lower_bound":80.50124143981202,"upper_bound":80.54393306743296},"point_estimate":80.52004305795646,"standard_error":0.011031021634631715},"StdDev":{"confidence_interval":{"confidence_level":0.95,"lower_bound":0.10759322440872367,"upper_bound":0.22046236433083152},"point_estimate":0.1620128008145567,"standard_error":0.030654178255797224}}