{"Mean":{"confidence_interval":{"confidence_level":0.95,"lower_bound":1689.0396325076738,"upper_bound":1691.0322312673588},"point_estimate":1689.8160632655245,"standard_error":0.5295127529373298},"Median":{"confidence_interval":{"confidence_level":0.95,"lower_bound":1688.8569082125605,"upper_bound":1689.2650468883205},"point_estimate":1689.0613787700745,"standard_error":0.12145603529555063},"MedianAbsDev":{"confidence_interval":{"confidence_level":0.95,"lower_bound":0.6497078517225767,"upper_bound":1.0929080627562078},"point_estimate":0.8825948566881243,"standard_error":0.11793986415206863},"Slope":{"confidence_interval":{"confidence_level":0.95,"lower_bound":1689.2480192342084,"upper_bound":1691.723397138235},"point_estimate":1690.1487576581148,"standard_error":0.6732715587375886},"StdDev":{"confidence_interval":{"confidence_level":0.95,"lower_bound":1.087609251629245,"upper_bound":8.778728524691774},"point_estimate":5.31847725031052,"standard_error":2.3591641850186473}}