{"Mean":{"confidence_interval":{"confidence_level":0.95,"lower_bound":-0.5518255524597796,"upper_bound":-0.5449654909742024},"point_estimate":-0.5484644100992071,"standard_error":0.0017764187231101554},"Median":{"confidence_interval":{"confidence_level":0.95,"lower_bound":-0.5536727847817811,"upper_bound":-0.5444195617044605},"point_estimate":-0.5481223367787185,"standard_error":0.002708106899527615}}