{"Mean":{"confidence_interval":{"confidence_level":0.95,"lower_bound":5705317.083611111,"upper_bound":5936691.247362103},"point_estimate":5809776.88218254,"standard_error":59338.07971441824},"Median":{"confidence_interval":{"confidence_level":0.95,"lower_bound":5658386.142857143,"upper_bound":5959184.614285715},"point_estimate":5751887.407738095,"standard_error":68265.17507436893},"MedianAbsDev":{"confidence_interval":{"confidence_level":0.95,"lower_bound":11688.306342491212,"upper_bound":289235.05149838486},"point_estimate":139035.1544316327,"standard_error":69440.6189768288},"Slope":{"confidence_interval":{"confidence_level":0.95,"lower_bound":5667195.651907546,"upper_bound":5799824.192981727},"point_estimate":5708466.00148423,"standard_error":34718.063026453565},"StdDev":{"confidence_interval":{"confidence_level":0.95,"lower_bound":62431.37012379229,"upper_bound":251598.71282152418},"point_estimate":198004.76355720416,"standard_error":49525.776830894196}}