{"Mean":{"confidence_interval":{"confidence_level":0.95,"lower_bound":9.766775943416066,"upper_bound":9.769029674394828},"point_estimate":9.76782058631953,"standard_error":0.0005760452874662878},"Median":{"confidence_interval":{"confidence_level":0.95,"lower_bound":9.765764779804146,"upper_bound":9.766596588361951},"point_estimate":9.766078406072552,"standard_error":0.00018679138403612618},"MedianAbsDev":{"confidence_interval":{"confidence_level":0.95,"lower_bound":0.0011587563074539604,"upper_bound":0.0020509416423732346},"point_estimate":0.0016462276063028125,"standard_error":0.00024224933004014925},"Slope":{"confidence_interval":{"confidence_level":0.95,"lower_bound":9.766748301461284,"upper_bound":9.769705543379159},"point_estimate":9.768092345647927,"standard_error":0.0007571170380358533},"StdDev":{"confidence_interval":{"confidence_level":0.95,"lower_bound":0.003628410353286407,"upper_bound":0.007834324156692789},"point_estimate":0.005802251454571225,"standard_error":0.0010969819222759504}}