{"Mean":{"confidence_interval":{"confidence_level":0.95,"lower_bound":5627667.456846559,"upper_bound":5728712.071600528},"point_estimate":5677313.465983245,"standard_error":25906.838003655696},"Median":{"confidence_interval":{"confidence_level":0.95,"lower_bound":5583123.444444444,"upper_bound":5753471.027777778},"point_estimate":5677498.712962963,"standard_error":42371.80013659871},"MedianAbsDev":{"confidence_interval":{"confidence_level":0.95,"lower_bound":7147.279123111088,"upper_bound":153054.212035059},"point_estimate":107708.37590446067,"standard_error":37327.725031765964},"Slope":{"confidence_interval":{"confidence_level":0.95,"lower_bound":5643599.217364186,"upper_bound":5777741.129316817},"point_estimate":5729770.522655123,"standard_error":34269.49111796778},"StdDev":{"confidence_interval":{"confidence_level":0.95,"lower_bound":51862.81135403176,"upper_bound":104875.29904589073},"point_estimate":86496.06489934659,"standard_error":13584.507727970018}}