{"Mean":{"confidence_interval":{"confidence_level":0.95,"lower_bound":1543.0411752069488,"upper_bound":1562.1116295840718},"point_estimate":1551.7452013591173,"standard_error":4.89664168912114},"Median":{"confidence_interval":{"confidence_level":0.95,"lower_bound":1542.1543846153845,"upper_bound":1546.5757047619047},"point_estimate":1544.2725303201507,"standard_error":1.1682447370107223},"MedianAbsDev":{"confidence_interval":{"confidence_level":0.95,"lower_bound":11.03304695927928,"upper_bound":23.090496189890786},"point_estimate":16.69361715682208,"standard_error":3.251116621726388},"Slope":{"confidence_interval":{"confidence_level":0.95,"lower_bound":1556.4373400255695,"upper_bound":1581.1525454300845},"point_estimate":1567.3787604236245,"standard_error":6.346463658328846},"StdDev":{"confidence_interval":{"confidence_level":0.95,"lower_bound":28.497135082510543,"upper_bound":70.73720390626221},"point_estimate":49.165260341481286,"standard_error":11.91710415669973}}