{"Mean":{"confidence_interval":{"confidence_level":0.95,"lower_bound":-0.06850839288360057,"upper_bound":-0.05944932632365828},"point_estimate":-0.06411275866970467,"standard_error":0.0023127239225275457},"Median":{"confidence_interval":{"confidence_level":0.95,"lower_bound":-0.07033225217883388,"upper_bound":-0.0611417167745143},"point_estimate":-0.0661598956442716,"standard_error":0.002240803559185023}}