{"Mean":{"confidence_interval":{"confidence_level":0.95,"lower_bound":1812040.7250440917,"upper_bound":1826523.3304104938},"point_estimate":1818065.413664021,"standard_error":3995.295703538307},"Median":{"confidence_interval":{"confidence_level":0.95,"lower_bound":1811659.5902777778,"upper_bound":1821957.0203703702},"point_estimate":1812515.1358024692,"standard_error":2322.7111525701844},"MedianAbsDev":{"confidence_interval":{"confidence_level":0.95,"lower_bound":92.97676640456653,"upper_bound":13773.878842964883},"point_estimate":1139.2160919968533,"standard_error":3007.940941548805},"Slope":{"confidence_interval":{"confidence_level":0.95,"lower_bound":1811596.2183413482,"upper_bound":1813579.756084656},"point_estimate":1812441.4936026935,"standard_error":518.0721151070657},"StdDev":{"confidence_interval":{"confidence_level":0.95,"lower_bound":744.2743804127917,"upper_bound":19193.52924711153},"point_estimate":13292.310901515231,"standard_error":5287.059202729773}}