{"Mean":{"confidence_interval":{"confidence_level":0.95,"lower_bound":1634.9925986110256,"upper_bound":1659.2761035975595},"point_estimate":1646.4739095670705,"standard_error":6.1948688358557105},"Median":{"confidence_interval":{"confidence_level":0.95,"lower_bound":1629.9412009741093,"upper_bound":1648.6551025496635},"point_estimate":1639.509265231642,"standard_error":4.354412601875217},"MedianAbsDev":{"confidence_interval":{"confidence_level":0.95,"lower_bound":31.009784686318948,"upper_bound":53.30664587791132},"point_estimate":42.11863236074111,"standard_error":5.738922149926001},"Slope":{"confidence_interval":{"confidence_level":0.95,"lower_bound":1631.4586231882297,"upper_bound":1661.1484425405715},"point_estimate":1645.632350549758,"standard_error":7.592195409291601},"StdDev":{"confidence_interval":{"confidence_level":0.95,"lower_bound":43.25377871953875,"upper_bound":79.47015779833124},"point_estimate":62.10709393790895,"standard_error":9.250693901881231}}