{"Mean":{"confidence_interval":{"confidence_level":0.95,"lower_bound":166.1914974511108,"upper_bound":167.03117111100732},"point_estimate":166.60222026393308,"standard_error":0.2140229957772148},"Median":{"confidence_interval":{"confidence_level":0.95,"lower_bound":165.9327477143804,"upper_bound":166.75040962542127},"point_estimate":166.36200487110182,"standard_error":0.20527025969881812},"MedianAbsDev":{"confidence_interval":{"confidence_level":0.95,"lower_bound":1.3183105204045844,"upper_bound":2.280820250363626},"point_estimate":1.8231898535701176,"standard_error":0.24750264965474922},"Slope":{"confidence_interval":{"confidence_level":0.95,"lower_bound":166.77453967868263,"upper_bound":167.88084725031771},"point_estimate":167.32169207740355,"standard_error":0.282571903633584},"StdDev":{"confidence_interval":{"confidence_level":0.95,"lower_bound":1.7377004726568934,"upper_bound":2.5389824937210856},"point_estimate":2.1484322110791836,"standard_error":0.20604415834955422}}