{"Mean":{"confidence_interval":{"confidence_level":0.95,"lower_bound":19615322.632642858,"upper_bound":19987034.02218254},"point_estimate":19778026.67623016,"standard_error":96491.55986227654},"Median":{"confidence_interval":{"confidence_level":0.95,"lower_bound":19593704.333333332,"upper_bound":19931371.713888887},"point_estimate":19659819.575,"standard_error":76102.062737197},"MedianAbsDev":{"confidence_interval":{"confidence_level":0.95,"lower_bound":20792.500940861526,"upper_bound":418391.41138456576},"point_estimate":123201.04937024396,"standard_error":97014.0196272977},"Slope":{"confidence_interval":{"confidence_level":0.95,"lower_bound":19648509.57142857,"upper_bound":19990107.820334863},"point_estimate":19804830.014285713,"standard_error":99351.3768320188},"StdDev":{"confidence_interval":{"confidence_level":0.95,"lower_bound":73018.34015854419,"upper_bound":441349.58936946467},"point_estimate":320753.20128001296,"standard_error":99600.50576320932}}