{"Mean":{"confidence_interval":{"confidence_level":0.95,"lower_bound":-0.4234397872024011,"upper_bound":-0.38722523681339055},"point_estimate":-0.4057828330902373,"standard_error":0.009269188306668652},"Median":{"confidence_interval":{"confidence_level":0.95,"lower_bound":-0.42044950296571904,"upper_bound":-0.38792394150068654},"point_estimate":-0.40488378080683607,"standard_error":0.00785374078596206}}