{"Mean":{"confidence_interval":{"confidence_level":0.95,"lower_bound":122.33079892086052,"upper_bound":123.68029198665906},"point_estimate":122.96088534051582,"standard_error":0.34499628223086504},"Median":{"confidence_interval":{"confidence_level":0.95,"lower_bound":121.83153411004108,"upper_bound":123.12543509235653},"point_estimate":122.27556384377627,"standard_error":0.30495716089449154},"MedianAbsDev":{"confidence_interval":{"confidence_level":0.95,"lower_bound":2.0866339154722136,"upper_bound":3.3289082780754553},"point_estimate":2.5283095742666504,"standard_error":0.3576782225290755},"Slope":{"confidence_interval":{"confidence_level":0.95,"lower_bound":121.0635542174142,"upper_bound":122.1795737119035},"point_estimate":121.57668581686947,"standard_error":0.2855130087145925},"StdDev":{"confidence_interval":{"confidence_level":0.95,"lower_bound":2.3061565068759435,"upper_bound":4.7014278984626205},"point_estimate":3.478028966051467,"standard_error":0.6364173672693827}}