{"Mean":{"confidence_interval":{"confidence_level":0.95,"lower_bound":-0.12322234175703373,"upper_bound":-0.11706172719812352},"point_estimate":-0.12009642525125763,"standard_error":0.00156919551180562},"Median":{"confidence_interval":{"confidence_level":0.95,"lower_bound":-0.12227172987610387,"upper_bound":-0.11679970876397794},"point_estimate":-0.11924237152338846,"standard_error":0.0014693609402710458}}