{"Mean":{"confidence_interval":{"confidence_level":0.95,"lower_bound":21420571.38388343,"upper_bound":23154940.075595237},"point_estimate":22154455.08295635,"standard_error":454145.63975599816},"Median":{"confidence_interval":{"confidence_level":0.95,"lower_bound":21231624.214285713,"upper_bound":22628851.75},"point_estimate":21493803.41875,"standard_error":367239.6711097294},"MedianAbsDev":{"confidence_interval":{"confidence_level":0.95,"lower_bound":91618.37144011578,"upper_bound":1688340.5697059652},"point_estimate":547863.1091068201,"standard_error":430561.7108116224},"Slope":{"confidence_interval":{"confidence_level":0.95,"lower_bound":21207426.46900175,"upper_bound":21628141.314849466},"point_estimate":21336582.137662336,"standard_error":110176.81950910446},"StdDev":{"confidence_interval":{"confidence_level":0.95,"lower_bound":300269.6937614993,"upper_bound":2186494.254008423},"point_estimate":1516497.5567910746,"standard_error":535296.7702599093}}