{"Mean":{"confidence_interval":{"confidence_level":0.95,"lower_bound":-0.004350601667755468,"upper_bound":0.00455417117069055},"point_estimate":0.00016729473687981944,"standard_error":0.00227418104168617},"Median":{"confidence_interval":{"confidence_level":0.95,"lower_bound":-0.0039579250352680395,"upper_bound":0.007777269756923166},"point_estimate":0.0008531761308776531,"standard_error":0.0027123582410525735}}