{"Mean":{"confidence_interval":{"confidence_level":0.95,"lower_bound":-0.004760051541957029,"upper_bound":0.02324627300571268},"point_estimate":0.01211719987281179,"standard_error":0.0074188130822103356},"Median":{"confidence_interval":{"confidence_level":0.95,"lower_bound":0.020656085455417417,"upper_bound":0.02798622736046119},"point_estimate":0.02535275661362002,"standard_error":0.0018304502578164181}}