{"Mean":{"confidence_interval":{"confidence_level":0.95,"lower_bound":0.024835415446760593,"upper_bound":0.028964149876796883},"point_estimate":0.02698369990023952,"standard_error":0.0010560333589693745},"Median":{"confidence_interval":{"confidence_level":0.95,"lower_bound":0.026365756465149603,"upper_bound":0.030121546350825312},"point_estimate":0.02838210796929963,"standard_error":0.0009651260070235379}}