{"Mean":{"confidence_interval":{"confidence_level":0.95,"lower_bound":256.9827342081345,"upper_bound":257.3273578609945},"point_estimate":257.1507159486139,"standard_error":0.08763692893241368},"Median":{"confidence_interval":{"confidence_level":0.95,"lower_bound":257.00401798456386,"upper_bound":257.388111865313},"point_estimate":257.20806137422875,"standard_error":0.08888730156036659},"MedianAbsDev":{"confidence_interval":{"confidence_level":0.95,"lower_bound":0.4635655020912487,"upper_bound":0.7422280575960534},"point_estimate":0.6002551784697047,"standard_error":0.06968842158397687},"Slope":{"confidence_interval":{"confidence_level":0.95,"lower_bound":257.13519269967736,"upper_bound":257.34927156859953},"point_estimate":257.24099079108436,"standard_error":0.05447826809763136},"StdDev":{"confidence_interval":{"confidence_level":0.95,"lower_bound":0.6274653190777004,"upper_bound":1.163612118201845},"point_estimate":0.8799790672488308,"standard_error":0.142512625296542}}