{"Mean":{"confidence_interval":{"confidence_level":0.95,"lower_bound":31.290150456595345,"upper_bound":31.767794511131825},"point_estimate":31.484261927871977,"standard_error":0.1255644812012242},"Median":{"confidence_interval":{"confidence_level":0.95,"lower_bound":31.098725994153053,"upper_bound":31.318776644084267},"point_estimate":31.20854017987258,"standard_error":0.054488440878771235},"MedianAbsDev":{"confidence_interval":{"confidence_level":0.95,"lower_bound":0.2852083451533786,"upper_bound":0.5460519732981843},"point_estimate":0.42012234268699167,"standard_error":0.06478614867890399},"Slope":{"confidence_interval":{"confidence_level":0.95,"lower_bound":31.229295298606818,"upper_bound":31.39967610094852},"point_estimate":31.310642943552516,"standard_error":0.04345606810262318},"StdDev":{"confidence_interval":{"confidence_level":0.95,"lower_bound":0.4516912245384641,"upper_bound":2.0425251766676924},"point_estimate":1.2674047157921695,"standard_error":0.5135805694207527}}