{"Mean":{"confidence_interval":{"confidence_level":0.95,"lower_bound":-0.002870532365865413,"upper_bound":0.0020735901151753815},"point_estimate":-0.0004026628459523618,"standard_error":0.001263505222532921},"Median":{"confidence_interval":{"confidence_level":0.95,"lower_bound":-0.003361795991594585,"upper_bound":0.0035216216797872685},"point_estimate":-0.00044779660764437956,"standard_error":0.0016070012316819619}}