{"Mean":{"confidence_interval":{"confidence_level":0.95,"lower_bound":-0.002318172780805556,"upper_bound":0.004166472413153752},"point_estimate":0.0007537739248073549,"standard_error":0.0016613739549989845},"Median":{"confidence_interval":{"confidence_level":0.95,"lower_bound":-0.0034710210779717032,"upper_bound":0.003888295677936693},"point_estimate":8.144163001766458e-6,"standard_error":0.0018256430382333616}}