{"Mean":{"confidence_interval":{"confidence_level":0.95,"lower_bound":79.1323981426297,"upper_bound":79.18684190815769},"point_estimate":79.15792830657102,"standard_error":0.01388584368551428},"Median":{"confidence_interval":{"confidence_level":0.95,"lower_bound":79.14495649491948,"upper_bound":79.183133315189},"point_estimate":79.16151515862208,"standard_error":0.009572903288539401},"MedianAbsDev":{"confidence_interval":{"confidence_level":0.95,"lower_bound":0.057271059327128455,"upper_bound":0.0996915683507031},"point_estimate":0.07413146818177137,"standard_error":0.010986965239615265},"Slope":{"confidence_interval":{"confidence_level":0.95,"lower_bound":79.13489608762383,"upper_bound":79.17578169923742},"point_estimate":79.1562766505448,"standard_error":0.01045303510467929},"StdDev":{"confidence_interval":{"confidence_level":0.95,"lower_bound":0.08714849096416771,"upper_bound":0.1955821878070435},"point_estimate":0.1395608097410366,"standard_error":0.029559893441923064}}