{"Mean":{"confidence_interval":{"confidence_level":0.95,"lower_bound":119.78581270939416,"upper_bound":120.53555652601949},"point_estimate":120.15045508014452,"standard_error":0.19109943422776307},"Median":{"confidence_interval":{"confidence_level":0.95,"lower_bound":119.64771074213132,"upper_bound":120.01659190676978},"point_estimate":119.7898650885931,"standard_error":0.10115293719271118},"MedianAbsDev":{"confidence_interval":{"confidence_level":0.95,"lower_bound":0.8143667948635993,"upper_bound":1.370048092245395},"point_estimate":1.093749339363786,"standard_error":0.1400523452338557},"Slope":{"confidence_interval":{"confidence_level":0.95,"lower_bound":119.77147355683536,"upper_bound":120.54532475565853},"point_estimate":120.12533820895882,"standard_error":0.19728204068568175},"StdDev":{"confidence_interval":{"confidence_level":0.95,"lower_bound":1.4036653007427158,"upper_bound":2.3834490479016277},"point_estimate":1.9245204512718381,"standard_error":0.250930924898311}}