{"Mean":{"confidence_interval":{"confidence_level":0.95,"lower_bound":6949925.858331678,"upper_bound":7116759.730449734},"point_estimate":7019187.440727512,"standard_error":43892.63951758063},"Median":{"confidence_interval":{"confidence_level":0.95,"lower_bound":6930325.955555555,"upper_bound":7056969.091666667},"point_estimate":6960653.5625,"standard_error":39460.6422342237},"MedianAbsDev":{"confidence_interval":{"confidence_level":0.95,"lower_bound":7851.739638382097,"upper_bound":163787.68696218712},"point_estimate":65389.5008616045,"standard_error":40165.63787561569},"Slope":{"confidence_interval":{"confidence_level":0.95,"lower_bound":6928502.709897611,"upper_bound":6974206.27765362},"point_estimate":6942259.707792208,"standard_error":11969.726602999672},"StdDev":{"confidence_interval":{"confidence_level":0.95,"lower_bound":41116.21129341673,"upper_bound":215141.82931218442},"point_estimate":145987.90257904556,"standard_error":54214.0336313774}}