{"Mean":{"confidence_interval":{"confidence_level":0.95,"lower_bound":-0.05753650208672486,"upper_bound":-0.014008937384014986},"point_estimate":-0.038461688209612155,"standard_error":0.011320433896836138},"Median":{"confidence_interval":{"confidence_level":0.95,"lower_bound":-0.0552943825859481,"upper_bound":-0.04485457361920954},"point_estimate":-0.04952365109685686,"standard_error":0.0025817092413930316}}