{"Mean":{"confidence_interval":{"confidence_level":0.95,"lower_bound":6291379.320476191,"upper_bound":6332988.72420635},"point_estimate":6311457.865317461,"standard_error":10656.05920987946},"Median":{"confidence_interval":{"confidence_level":0.95,"lower_bound":6278519.523809524,"upper_bound":6334439.589285715},"point_estimate":6314668.6,"standard_error":17169.5732989539},"MedianAbsDev":{"confidence_interval":{"confidence_level":0.95,"lower_bound":5433.999536860305,"upper_bound":67662.32103208685},"point_estimate":45968.991758887554,"standard_error":15310.41844389771},"Slope":{"confidence_interval":{"confidence_level":0.95,"lower_bound":6286432.861533266,"upper_bound":6329476.147333085},"point_estimate":6309019.359925789,"standard_error":11200.385426410363},"StdDev":{"confidence_interval":{"confidence_level":0.95,"lower_bound":21021.152095464095,"upper_bound":45245.76167789391},"point_estimate":35616.194659909896,"standard_error":6575.866935230414}}