{"Mean":{"confidence_interval":{"confidence_level":0.95,"lower_bound":-0.08926304210845877,"upper_bound":-0.08269983745520505},"point_estimate":-0.08594619934754866,"standard_error":0.00166649310523189},"Median":{"confidence_interval":{"confidence_level":0.95,"lower_bound":-0.09079685327454834,"upper_bound":-0.0836568531097941},"point_estimate":-0.08700077970205844,"standard_error":0.0018794498858756188}}