{"Mean":{"confidence_interval":{"confidence_level":0.95,"lower_bound":-0.21634279733699277,"upper_bound":-0.21481273722689584},"point_estimate":-0.2156843776485996,"standard_error":0.00037668307152841443},"Median":{"confidence_interval":{"confidence_level":0.95,"lower_bound":-0.21678797692500862,"upper_bound":-0.21580440567197698},"point_estimate":-0.21634883582101638,"standard_error":0.00025211994947841666}}