{"Mean":{"confidence_interval":{"confidence_level":0.95,"lower_bound":0.013832844249628653,"upper_bound":0.04498874132857389},"point_estimate":0.03198524930675095,"standard_error":0.008140864490137819},"Median":{"confidence_interval":{"confidence_level":0.95,"lower_bound":0.03514177526183859,"upper_bound":0.0471401052782916},"point_estimate":0.04060545427561091,"standard_error":0.003075800545662621}}