{"Mean":{"confidence_interval":{"confidence_level":0.95,"lower_bound":0.055389683483834294,"upper_bound":0.079835436209991},"point_estimate":0.06818337322647339,"standard_error":0.006236524597749635},"Median":{"confidence_interval":{"confidence_level":0.95,"lower_bound":0.08322325241875965,"upper_bound":0.10042586062528724},"point_estimate":0.09388148374621763,"standard_error":0.004538980498689626}}