{"Mean":{"confidence_interval":{"confidence_level":0.95,"lower_bound":-0.44635663145516075,"upper_bound":-0.42926016228086733},"point_estimate":-0.4374890788463063,"standard_error":0.0043814123760519685},"Median":{"confidence_interval":{"confidence_level":0.95,"lower_bound":-0.4525578397329575,"upper_bound":-0.42612220132350287},"point_estimate":-0.43278903307898464,"standard_error":0.006018788828299524}}