{"Mean":{"confidence_interval":{"confidence_level":0.95,"lower_bound":2297365.355079601,"upper_bound":2330636.2761083236},"point_estimate":2312043.235735072,"standard_error":8664.183993850022},"Median":{"confidence_interval":{"confidence_level":0.95,"lower_bound":2292474.6904761903,"upper_bound":2324288.3333333335},"point_estimate":2300525.094576719,"standard_error":9065.278670587746},"MedianAbsDev":{"confidence_interval":{"confidence_level":0.95,"lower_bound":4296.384986223837,"upper_bound":39818.71699307631},"point_estimate":16269.368804017955,"standard_error":9492.88387020783},"Slope":{"confidence_interval":{"confidence_level":0.95,"lower_bound":2292074.7917888565,"upper_bound":2304432.6437618025},"point_estimate":2296567.2910327767,"standard_error":3157.452532112693},"StdDev":{"confidence_interval":{"confidence_level":0.95,"lower_bound":9646.5424505093,"upper_bound":40749.02707496155},"point_estimate":28859.665455757928,"standard_error":8912.028639853368}}