{"Mean":{"confidence_interval":{"confidence_level":0.95,"lower_bound":90.0253116431498,"upper_bound":92.13081523054647},"point_estimate":90.92947938634933,"standard_error":0.5453428904630465},"Median":{"confidence_interval":{"confidence_level":0.95,"lower_bound":89.3859029901461,"upper_bound":89.9560664103798},"point_estimate":89.68350254092462,"standard_error":0.15009926208920588},"MedianAbsDev":{"confidence_interval":{"confidence_level":0.95,"lower_bound":0.7921503211625224,"upper_bound":1.4434905377430347},"point_estimate":1.1077980622218753,"standard_error":0.16852129206202454},"Slope":{"confidence_interval":{"confidence_level":0.95,"lower_bound":89.76648457249586,"upper_bound":91.05146933571459},"point_estimate":90.32429426037223,"standard_error":0.3300791486887666},"StdDev":{"confidence_interval":{"confidence_level":0.95,"lower_bound":2.0232215393827064,"upper_bound":8.420141834024413},"point_estimate":5.465210394413873,"standard_error":1.7570814260191538}}