{"Mean":{"confidence_interval":{"confidence_level":0.95,"lower_bound":-0.44039848755116695,"upper_bound":-0.40263237533450236},"point_estimate":-0.4186754100167335,"standard_error":0.010044001358893865},"Median":{"confidence_interval":{"confidence_level":0.95,"lower_bound":-0.42314181341908574,"upper_bound":-0.39964546575993987},"point_estimate":-0.41105320403501044,"standard_error":0.005820760339711771}}