{"Mean":{"confidence_interval":{"confidence_level":0.95,"lower_bound":114.18612430594224,"upper_bound":115.78012829269602},"point_estimate":114.90296967310522,"standard_error":0.4082291240891959},"Median":{"confidence_interval":{"confidence_level":0.95,"lower_bound":113.54576327159644,"upper_bound":114.43045089351479},"point_estimate":114.03254420429673,"standard_error":0.22807201618748843},"MedianAbsDev":{"confidence_interval":{"confidence_level":0.95,"lower_bound":1.1593063006285267,"upper_bound":1.8638368173295332},"point_estimate":1.5165544807150333,"standard_error":0.18047766639221524},"Slope":{"confidence_interval":{"confidence_level":0.95,"lower_bound":113.8252489106166,"upper_bound":114.74057466990278},"point_estimate":114.2334263076017,"standard_error":0.2338424051218498},"StdDev":{"confidence_interval":{"confidence_level":0.95,"lower_bound":1.9360371833743968,"upper_bound":5.752295639062553},"point_estimate":4.100230039796641,"standard_error":0.9449172338124867}}