{"Mean":{"confidence_interval":{"confidence_level":0.95,"lower_bound":35.14593510281682,"upper_bound":35.17769847129242},"point_estimate":35.16101061979785,"standard_error":0.008101449539899566},"Median":{"confidence_interval":{"confidence_level":0.95,"lower_bound":35.116829778995964,"upper_bound":35.134623314782836},"point_estimate":35.123714288546566,"standard_error":0.00503039010170058},"MedianAbsDev":{"confidence_interval":{"confidence_level":0.95,"lower_bound":0.017849687955975472,"upper_bound":0.047009124073118545},"point_estimate":0.02857776860523069,"standard_error":0.00772496995731209},"Slope":{"confidence_interval":{"confidence_level":0.95,"lower_bound":35.13286250703428,"upper_bound":35.153381923395905},"point_estimate":35.14250041075005,"standard_error":0.005239496821132931},"StdDev":{"confidence_interval":{"confidence_level":0.95,"lower_bound":0.059566595687872245,"upper_bound":0.10435247908271075},"point_estimate":0.08179036110546489,"standard_error":0.011706448047172278}}