{"Mean":{"confidence_interval":{"confidence_level":0.95,"lower_bound":-0.5802625607719881,"upper_bound":-0.575962432206574},"point_estimate":-0.5779482455012084,"standard_error":0.0010992496965294824},"Median":{"confidence_interval":{"confidence_level":0.95,"lower_bound":-0.5790931479418084,"upper_bound":-0.57508311408787},"point_estimate":-0.5772496488981679,"standard_error":0.0008876366232232201}}