{"Mean":{"confidence_interval":{"confidence_level":0.95,"lower_bound":287.2724747924816,"upper_bound":288.7908054450389},"point_estimate":288.02830920176785,"standard_error":0.38837061607991347},"Median":{"confidence_interval":{"confidence_level":0.95,"lower_bound":286.8342247315593,"upper_bound":288.24476304945057},"point_estimate":287.48518105158735,"standard_error":0.3884928810616166},"MedianAbsDev":{"confidence_interval":{"confidence_level":0.95,"lower_bound":1.9596740262053391,"upper_bound":3.5889677035601144},"point_estimate":2.5485251283657413,"standard_error":0.4074320581424299},"Slope":{"confidence_interval":{"confidence_level":0.95,"lower_bound":286.92041959446846,"upper_bound":288.5942875433473},"point_estimate":287.71795225751254,"standard_error":0.4272677536957278},"StdDev":{"confidence_interval":{"confidence_level":0.95,"lower_bound":3.0356993555704963,"upper_bound":4.732624736142184},"point_estimate":3.9004157601199863,"standard_error":0.43441516353300846}}