{"Mean":{"confidence_interval":{"confidence_level":0.95,"lower_bound":-0.04093977034634811,"upper_bound":0.013377498921665789},"point_estimate":-0.015707684369919317,"standard_error":0.013804473771702182},"Median":{"confidence_interval":{"confidence_level":0.95,"lower_bound":-0.03515783616926382,"upper_bound":0.006734967197451258},"point_estimate":-0.021544216430437357,"standard_error":0.010028379552676407}}