{"Mean":{"confidence_interval":{"confidence_level":0.95,"lower_bound":213.684251484719,"upper_bound":213.8374240168548},"point_estimate":213.7549023755699,"standard_error":0.03928896963387004},"Median":{"confidence_interval":{"confidence_level":0.95,"lower_bound":213.57345857418113,"upper_bound":213.61309445612193},"point_estimate":213.583992691893,"standard_error":0.009784627988865402},"MedianAbsDev":{"confidence_interval":{"confidence_level":0.95,"lower_bound":0.056278225374243845,"upper_bound":0.12501058699071707},"point_estimate":0.07965067443666536,"standard_error":0.01648308434081276},"Slope":{"confidence_interval":{"confidence_level":0.95,"lower_bound":213.70900507390584,"upper_bound":213.8582144433942},"point_estimate":213.77988606942395,"standard_error":0.03813824661100668},"StdDev":{"confidence_interval":{"confidence_level":0.95,"lower_bound":0.2498805957703952,"upper_bound":0.5388887811677155},"point_estimate":0.39386838648980094,"standard_error":0.07675888044022995}}