{"Mean":{"confidence_interval":{"confidence_level":0.95,"lower_bound":-0.54447674692945,"upper_bound":-0.5438905247640755},"point_estimate":-0.5441343709283435,"standard_error":0.00015196265279662628},"Median":{"confidence_interval":{"confidence_level":0.95,"lower_bound":-0.5441049048595283,"upper_bound":-0.5438817700466864},"point_estimate":-0.5439741877533388,"standard_error":0.000057403592396423513}}