{"Mean":{"confidence_interval":{"confidence_level":0.95,"lower_bound":-0.00290593040027377,"upper_bound":0.0175099564615441},"point_estimate":0.0070644289357375545,"standard_error":0.005229304931744635},"Median":{"confidence_interval":{"confidence_level":0.95,"lower_bound":-0.0074759299091609055,"upper_bound":0.01893298510407382},"point_estimate":0.00048024689688386246,"standard_error":0.006965976266206718}}