{"Mean":{"confidence_interval":{"confidence_level":0.95,"lower_bound":-0.008658753507180974,"upper_bound":0.0007583076021809944},"point_estimate":-0.0039010095542113543,"standard_error":0.002391569839424887},"Median":{"confidence_interval":{"confidence_level":0.95,"lower_bound":-0.008237119348425193,"upper_bound":-0.00022945345322296045},"point_estimate":-0.005118374196394937,"standard_error":0.0020237121708219404}}