{"Mean":{"confidence_interval":{"confidence_level":0.95,"lower_bound":1517088.1735525213,"upper_bound":1523208.4911111111},"point_estimate":1519923.1814192347,"standard_error":1576.5737023863678},"Median":{"confidence_interval":{"confidence_level":0.95,"lower_bound":1516001.382586368,"upper_bound":1523607.75},"point_estimate":1517898.4509803923,"standard_error":1865.5714290082403},"MedianAbsDev":{"confidence_interval":{"confidence_level":0.95,"lower_bound":403.8897879277336,"upper_bound":8303.06568082664},"point_estimate":4887.116719118801,"standard_error":2005.7580649709828},"Slope":{"confidence_interval":{"confidence_level":0.95,"lower_bound":1516471.755956146,"upper_bound":1521895.5130023593},"point_estimate":1518565.5262796027,"standard_error":1396.3695286425614},"StdDev":{"confidence_interval":{"confidence_level":0.95,"lower_bound":2235.224163293557,"upper_bound":6917.94160848403},"point_estimate":5264.5845315651395,"standard_error":1244.502040400059}}