{"Mean":{"confidence_interval":{"confidence_level":0.95,"lower_bound":1892.0823992622613,"upper_bound":1940.7201980723821},"point_estimate":1910.834759308247,"standard_error":13.014760475350165},"Median":{"confidence_interval":{"confidence_level":0.95,"lower_bound":1884.1049367088608,"upper_bound":1891.4373775858721},"point_estimate":1887.1194668200997,"standard_error":1.951713956579438},"MedianAbsDev":{"confidence_interval":{"confidence_level":0.95,"lower_bound":14.32187312254269,"upper_bound":27.4101161041259},"point_estimate":20.491031565018766,"standard_error":3.4795363956519867},"Slope":{"confidence_interval":{"confidence_level":0.95,"lower_bound":1889.97432099507,"upper_bound":1908.4666504200095},"point_estimate":1898.5749466884154,"standard_error":4.734439318519931},"StdDev":{"confidence_interval":{"confidence_level":0.95,"lower_bound":28.664307955911006,"upper_bound":217.5287733405893},"point_estimate":131.0963145606131,"standard_error":60.49392922266062}}