{"Mean":{"confidence_interval":{"confidence_level":0.95,"lower_bound":-0.09763803932703626,"upper_bound":-0.08289969834500409},"point_estimate":-0.08849295436735238,"standard_error":0.0040720072013477535},"Median":{"confidence_interval":{"confidence_level":0.95,"lower_bound":-0.08796360746946541,"upper_bound":-0.08406984828133363},"point_estimate":-0.08644647849832465,"standard_error":0.0011240097981742867}}