{"Mean":{"confidence_interval":{"confidence_level":0.95,"lower_bound":0.011069558355306836,"upper_bound":0.01480720739437516},"point_estimate":0.012909288709514133,"standard_error":0.000954248744097777},"Median":{"confidence_interval":{"confidence_level":0.95,"lower_bound":0.010191207592909146,"upper_bound":0.01443632205471479},"point_estimate":0.012041560998323764,"standard_error":0.0010060191681656415}}