{"Mean":{"confidence_interval":{"confidence_level":0.95,"lower_bound":0.06333653860368108,"upper_bound":0.07691398613027135},"point_estimate":0.07009402334342063,"standard_error":0.0034998519931950553},"Median":{"confidence_interval":{"confidence_level":0.95,"lower_bound":0.055521360262927866,"upper_bound":0.07454067790897945},"point_estimate":0.06621044901305417,"standard_error":0.004688409895650616}}