{"Mean":{"confidence_interval":{"confidence_level":0.95,"lower_bound":65.56503135292738,"upper_bound":72.89238727826002},"point_estimate":68.55723089864881,"standard_error":1.9270397881565744},"Median":{"confidence_interval":{"confidence_level":0.95,"lower_bound":65.30102750038155,"upper_bound":65.37603614783701},"point_estimate":65.32844788091404,"standard_error":0.01899536896117177},"MedianAbsDev":{"confidence_interval":{"confidence_level":0.95,"lower_bound":0.13143644362990292,"upper_bound":0.25119088906920356},"point_estimate":0.17890918621436397,"standard_error":0.02968493440231164},"Slope":{"confidence_interval":{"confidence_level":0.95,"lower_bound":65.33844265789318,"upper_bound":65.96623990138005},"point_estimate":65.58943399136679,"standard_error":0.16301350941934956},"StdDev":{"confidence_interval":{"confidence_level":0.95,"lower_bound":1.7726721517117634,"upper_bound":31.497008917208824},"point_estimate":19.416393579533693,"standard_error":7.992467054103705}}