{"Mean":{"confidence_interval":{"confidence_level":0.95,"lower_bound":5329542.298811224,"upper_bound":5358762.937059099},"point_estimate":5343364.662329932,"standard_error":7494.830453066588},"Median":{"confidence_interval":{"confidence_level":0.95,"lower_bound":5324749.642857143,"upper_bound":5365015.523809524},"point_estimate":5336673.228316327,"standard_error":9656.151983934795},"MedianAbsDev":{"confidence_interval":{"confidence_level":0.95,"lower_bound":4965.393726132396,"upper_bound":37902.02990139055},"point_estimate":22976.825693865754,"standard_error":9793.715723844914},"Slope":{"confidence_interval":{"confidence_level":0.95,"lower_bound":5337746.380786125,"upper_bound":5364591.656036447},"point_estimate":5350245.336920222,"standard_error":6787.477501953448},"StdDev":{"confidence_interval":{"confidence_level":0.95,"lower_bound":11064.293339052105,"upper_bound":31237.375182361488},"point_estimate":24924.462543743935,"standard_error":4879.880093719653}}