{"Mean":{"confidence_interval":{"confidence_level":0.95,"lower_bound":-0.08985854559273915,"upper_bound":-0.06658371064179379},"point_estimate":-0.07719439353206559,"standard_error":0.00597015641906446},"Median":{"confidence_interval":{"confidence_level":0.95,"lower_bound":-0.08436110139339803,"upper_bound":-0.06284087022541285},"point_estimate":-0.08012325874819537,"standard_error":0.006116848470181359}}