{"Mean":{"confidence_interval":{"confidence_level":0.95,"lower_bound":-0.015980378433177143,"upper_bound":0.02672885444494605},"point_estimate":0.003941232993281529,"standard_error":0.011028081094446593},"Median":{"confidence_interval":{"confidence_level":0.95,"lower_bound":-0.020660257562918227,"upper_bound":0.03285498750857374},"point_estimate":-0.0017113450168730893,"standard_error":0.01214166884131493}}