{"Mean":{"confidence_interval":{"confidence_level":0.95,"lower_bound":-0.0797198429243893,"upper_bound":-0.04696605494775727},"point_estimate":-0.06257650944594628,"standard_error":0.00837333860733821},"Median":{"confidence_interval":{"confidence_level":0.95,"lower_bound":-0.05158743409868627,"upper_bound":-0.022681025816159273},"point_estimate":-0.030606406765700478,"standard_error":0.007457591564197302}}