{"Mean":{"confidence_interval":{"confidence_level":0.95,"lower_bound":15128089.664416667,"upper_bound":15139698.092288356},"point_estimate":15133654.2746164,"standard_error":2973.3532871404486},"Median":{"confidence_interval":{"confidence_level":0.95,"lower_bound":15126296.9125,"upper_bound":15141633.222222222},"point_estimate":15130869.722222222,"standard_error":3866.7849637581808},"MedianAbsDev":{"confidence_interval":{"confidence_level":0.95,"lower_bound":1752.311580001245,"upper_bound":16418.60784406778},"point_estimate":8785.945100685667,"standard_error":4039.183162102602},"Slope":{"confidence_interval":{"confidence_level":0.95,"lower_bound":15127157.178307893,"upper_bound":15144882.644144144},"point_estimate":15135667.896969697,"standard_error":4658.175213526154},"StdDev":{"confidence_interval":{"confidence_level":0.95,"lower_bound":4776.136397819897,"upper_bound":12182.025425625221},"point_estimate":9898.102113898538,"standard_error":1796.3941362755882}}