{"Mean":{"confidence_interval":{"confidence_level":0.95,"lower_bound":16043224.953410713,"upper_bound":16195499.624425597},"point_estimate":16107555.96202381,"standard_error":39924.37469454974},"Median":{"confidence_interval":{"confidence_level":0.95,"lower_bound":16032880.5,"upper_bound":16141401.083333334},"point_estimate":16062784.4375,"standard_error":34392.19814363623},"MedianAbsDev":{"confidence_interval":{"confidence_level":0.95,"lower_bound":7523.74479142604,"upper_bound":137927.23924130257},"point_estimate":71968.61502230214,"standard_error":34736.071890237414},"Slope":{"confidence_interval":{"confidence_level":0.95,"lower_bound":16050975.9219577,"upper_bound":16123727.871459695},"point_estimate":16096167.415584415,"standard_error":18604.18707337323},"StdDev":{"confidence_interval":{"confidence_level":0.95,"lower_bound":40170.1822785388,"upper_bound":197013.0478916245},"point_estimate":133621.37767696803,"standard_error":49483.69602199672}}