{"Mean":{"confidence_interval":{"confidence_level":0.95,"lower_bound":0.06027180754937844,"upper_bound":0.08829950548224967},"point_estimate":0.07592510703634092,"standard_error":0.007229864350585377},"Median":{"confidence_interval":{"confidence_level":0.95,"lower_bound":0.0802491926699671,"upper_bound":0.09531508045958531},"point_estimate":0.09079070072799245,"standard_error":0.004369417052623118}}