{"Mean":{"confidence_interval":{"confidence_level":0.95,"lower_bound":-0.6011359439424803,"upper_bound":-0.5997110604796636},"point_estimate":-0.6004446191813613,"standard_error":0.00036388186824109917},"Median":{"confidence_interval":{"confidence_level":0.95,"lower_bound":-0.6012938071803027,"upper_bound":-0.5999887269247632},"point_estimate":-0.6004179287521769,"standard_error":0.0003057280372281004}}