{"Mean":{"confidence_interval":{"confidence_level":0.95,"lower_bound":82.91840525459953,"upper_bound":84.78016637169266},"point_estimate":83.80564099072299,"standard_error":0.4760492834542699},"Median":{"confidence_interval":{"confidence_level":0.95,"lower_bound":81.34377568247126,"upper_bound":83.65316570881227},"point_estimate":82.3169391926946,"standard_error":0.5293308282048377},"MedianAbsDev":{"confidence_interval":{"confidence_level":0.95,"lower_bound":2.202938243391982,"upper_bound":4.60077315411024},"point_estimate":3.290966957443343,"standard_error":0.5342411876858187},"Slope":{"confidence_interval":{"confidence_level":0.95,"lower_bound":82.2151202891925,"upper_bound":84.04848580733339},"point_estimate":83.07143753322836,"standard_error":0.4696925105380462},"StdDev":{"confidence_interval":{"confidence_level":0.95,"lower_bound":3.636018669506166,"upper_bound":5.831338367987429},"point_estimate":4.772293736666638,"standard_error":0.5611960495644014}}