{"Mean":{"confidence_interval":{"confidence_level":0.95,"lower_bound":-0.09101708775431741,"upper_bound":-0.05527219260980438},"point_estimate":-0.07364023773521855,"standard_error":0.008966398626861565},"Median":{"confidence_interval":{"confidence_level":0.95,"lower_bound":-0.07848635992408382,"upper_bound":-0.07022161609746536},"point_estimate":-0.07486029218556223,"standard_error":0.0021110144308773143}}