{"Mean":{"confidence_interval":{"confidence_level":0.95,"lower_bound":-0.003675122438732808,"upper_bound":0.013661873291927131},"point_estimate":0.005358406386074099,"standard_error":0.004404344647199428},"Median":{"confidence_interval":{"confidence_level":0.95,"lower_bound":0.003091141403140707,"upper_bound":0.011828879415839877},"point_estimate":0.007173491242942864,"standard_error":0.002263778069866428}}