{"Mean":{"confidence_interval":{"confidence_level":0.95,"lower_bound":28.32736705432478,"upper_bound":28.464190984479096},"point_estimate":28.395508865879812,"standard_error":0.03493332687892077},"Median":{"confidence_interval":{"confidence_level":0.95,"lower_bound":28.285078904451268,"upper_bound":28.501846699923252},"point_estimate":28.404517086637675,"standard_error":0.05602604911213809},"MedianAbsDev":{"confidence_interval":{"confidence_level":0.95,"lower_bound":0.31350743323931657,"upper_bound":0.4604128190841634},"point_estimate":0.3870024652769401,"standard_error":0.036109027778045},"Slope":{"confidence_interval":{"confidence_level":0.95,"lower_bound":28.32514536379774,"upper_bound":28.49277452793236},"point_estimate":28.406967073971117,"standard_error":0.0427844815431142},"StdDev":{"confidence_interval":{"confidence_level":0.95,"lower_bound":0.30644780654389814,"upper_bound":0.39337792189470483},"point_estimate":0.3521757262780529,"standard_error":0.02221382266581696}}