{"Mean":{"confidence_interval":{"confidence_level":0.95,"lower_bound":1547398.2227777776,"upper_bound":1563509.8089226792},"point_estimate":1555314.8901575278,"standard_error":4129.441439416903},"Median":{"confidence_interval":{"confidence_level":0.95,"lower_bound":1545417.707070707,"upper_bound":1568416.4484848485},"point_estimate":1552240.5768939394,"standard_error":5391.389605061177},"MedianAbsDev":{"confidence_interval":{"confidence_level":0.95,"lower_bound":1868.0581831233194,"upper_bound":24927.318124118312},"point_estimate":10545.480709674242,"standard_error":5659.959737589962},"Slope":{"confidence_interval":{"confidence_level":0.95,"lower_bound":1550636.514175258,"upper_bound":1568070.110272569},"point_estimate":1559115.2576938213,"standard_error":4462.9690807384},"StdDev":{"confidence_interval":{"confidence_level":0.95,"lower_bound":7347.086678304521,"upper_bound":17748.18052241528},"point_estimate":13801.830434119262,"standard_error":2648.328035417987}}