{"Mean":{"confidence_interval":{"confidence_level":0.95,"lower_bound":11617903.720525794,"upper_bound":11898488.581361111},"point_estimate":11744072.866706349,"standard_error":72078.51241743579},"Median":{"confidence_interval":{"confidence_level":0.95,"lower_bound":11557940.451388888,"upper_bound":11877595.933333334},"point_estimate":11679068.157142857,"standard_error":95237.40169164051},"MedianAbsDev":{"confidence_interval":{"confidence_level":0.95,"lower_bound":23449.130650361072,"upper_bound":383575.6088651698},"point_estimate":196176.99017549492,"standard_error":91242.6979895959},"Slope":{"confidence_interval":{"confidence_level":0.95,"lower_bound":11608656.346428571,"upper_bound":11808112.124355884},"point_estimate":11688452.651298702,"standard_error":50957.6770982895},"StdDev":{"confidence_interval":{"confidence_level":0.95,"lower_bound":105933.2169552964,"upper_bound":329186.8624528578},"point_estimate":240529.1042430395,"standard_error":63784.76717882955}}