{"Mean":{"confidence_interval":{"confidence_level":0.95,"lower_bound":-0.04707996256200438,"upper_bound":0.05817602424387552},"point_estimate":-0.0037447734558252455,"standard_error":0.028266134983757164},"Median":{"confidence_interval":{"confidence_level":0.95,"lower_bound":-0.046259961958592166,"upper_bound":-0.04074788995455125},"point_estimate":-0.04271088324142891,"standard_error":0.0013924383897954517}}