{"Mean":{"confidence_interval":{"confidence_level":0.95,"lower_bound":389.7147151317633,"upper_bound":392.8845496525443},"point_estimate":391.2116235848119,"standard_error":0.8120289721563446},"Median":{"confidence_interval":{"confidence_level":0.95,"lower_bound":387.9999123726263,"upper_bound":390.31588743038145},"point_estimate":388.98405010840906,"standard_error":0.5457171979317181},"MedianAbsDev":{"confidence_interval":{"confidence_level":0.95,"lower_bound":3.6405021155688537,"upper_bound":6.869961582529763},"point_estimate":5.072882202659219,"standard_error":0.8296832343313001},"Slope":{"confidence_interval":{"confidence_level":0.95,"lower_bound":389.10746982470704,"upper_bound":393.5464430811738},"point_estimate":391.04196801108696,"standard_error":1.1484212010830857},"StdDev":{"confidence_interval":{"confidence_level":0.95,"lower_bound":5.89174500760025,"upper_bound":10.257388667726294},"point_estimate":8.144517221118358,"standard_error":1.1257450310309622}}