{"Mean":{"confidence_interval":{"confidence_level":0.95,"lower_bound":360.50727549495195,"upper_bound":362.40245076007716},"point_estimate":361.4434030395871,"standard_error":0.4827863488047032},"Median":{"confidence_interval":{"confidence_level":0.95,"lower_bound":359.655931671814,"upper_bound":362.46091146091146},"point_estimate":361.2139422923005,"standard_error":0.7773798993736152},"MedianAbsDev":{"confidence_interval":{"confidence_level":0.95,"lower_bound":3.8936003044119203,"upper_bound":6.717811762489337},"point_estimate":5.859225334300034,"standard_error":0.7736587034199555},"Slope":{"confidence_interval":{"confidence_level":0.95,"lower_bound":362.57962226266596,"upper_bound":364.37881096716706},"point_estimate":363.5550818099688,"standard_error":0.45929080819037654},"StdDev":{"confidence_interval":{"confidence_level":0.95,"lower_bound":3.99397926866367,"upper_bound":5.862412174276756},"point_estimate":4.854624609108078,"standard_error":0.4910106934763369}}