{"Mean":{"confidence_interval":{"confidence_level":0.95,"lower_bound":24256719.31272024,"upper_bound":24293106.809211805},"point_estimate":24273547.64128968,"standard_error":9331.242002565656},"Median":{"confidence_interval":{"confidence_level":0.95,"lower_bound":24249705.71875,"upper_bound":24290131.825},"point_estimate":24267991.083333336,"standard_error":9715.984338594853},"MedianAbsDev":{"confidence_interval":{"confidence_level":0.95,"lower_bound":4480.10824546402,"upper_bound":48173.72146641387},"point_estimate":21667.580865324464,"standard_error":11228.041895804135},"Slope":{"confidence_interval":{"confidence_level":0.95,"lower_bound":24246953.87955192,"upper_bound":24307307.259474337},"point_estimate":24275631.606493507,"standard_error":15936.09511825999},"StdDev":{"confidence_interval":{"confidence_level":0.95,"lower_bound":13563.61364457742,"upper_bound":41514.15499361959},"point_estimate":30994.274597950764,"standard_error":7663.646691560821}}