{"Mean":{"confidence_interval":{"confidence_level":0.95,"lower_bound":6530606.485791666,"upper_bound":6586367.307916665},"point_estimate":6557084.802718254,"standard_error":14361.653638959657},"Median":{"confidence_interval":{"confidence_level":0.95,"lower_bound":6520197.25,"upper_bound":6599089.047619048},"point_estimate":6548210.613888889,"standard_error":17698.994587970174},"MedianAbsDev":{"confidence_interval":{"confidence_level":0.95,"lower_bound":10874.994356929796,"upper_bound":85550.3215511799},"point_estimate":36225.45857436927,"standard_error":18711.31909211466},"Slope":{"confidence_interval":{"confidence_level":0.95,"lower_bound":6554378.665283764,"upper_bound":6614123.428865979},"point_estimate":6588592.084415585,"standard_error":15048.195500882603},"StdDev":{"confidence_interval":{"confidence_level":0.95,"lower_bound":22272.41964849616,"upper_bound":60371.78200217137},"point_estimate":47925.722427898945,"standard_error":9516.505031228544}}