{"Mean":{"confidence_interval":{"confidence_level":0.95,"lower_bound":24984835.137416665,"upper_bound":27036271.060317457},"point_estimate":25847641.07436508,"standard_error":537149.527903581},"Median":{"confidence_interval":{"confidence_level":0.95,"lower_bound":24722211.944444448,"upper_bound":26496461.535714284},"point_estimate":25200756.375,"standard_error":471665.67263599765},"MedianAbsDev":{"confidence_interval":{"confidence_level":0.95,"lower_bound":161402.9166678563,"upper_bound":1919884.4462819018},"point_estimate":946412.0057794942,"standard_error":497796.48252795805},"Slope":{"confidence_interval":{"confidence_level":0.95,"lower_bound":24664648.78057554,"upper_bound":25476128.552423317},"point_estimate":24929436.66883117,"standard_error":210879.09160938323},"StdDev":{"confidence_interval":{"confidence_level":0.95,"lower_bound":474896.7113250203,"upper_bound":2613723.476192577},"point_estimate":1788457.870185757,"standard_error":646183.2189820706}}