{"Mean":{"confidence_interval":{"confidence_level":0.95,"lower_bound":115.01114675760336,"upper_bound":116.19334450118684},"point_estimate":115.51866647958047,"standard_error":0.3049105248457557},"Median":{"confidence_interval":{"confidence_level":0.95,"lower_bound":114.65085543297414,"upper_bound":115.16954826710813},"point_estimate":114.85055566155674,"standard_error":0.11679049487353983},"MedianAbsDev":{"confidence_interval":{"confidence_level":0.95,"lower_bound":0.7182355927477454,"upper_bound":1.2806108566574743},"point_estimate":0.875564731184408,"standard_error":0.14592949132890534},"Slope":{"confidence_interval":{"confidence_level":0.95,"lower_bound":114.94123226661726,"upper_bound":115.76914164152716},"point_estimate":115.31939978404317,"standard_error":0.21333444398811152},"StdDev":{"confidence_interval":{"confidence_level":0.95,"lower_bound":1.4110288221676004,"upper_bound":4.744252734298592},"point_estimate":3.065655186981172,"standard_error":1.0366223815180335}}