{"Mean":{"confidence_interval":{"confidence_level":0.95,"lower_bound":4524656.394513888,"upper_bound":4605736.027583416},"point_estimate":4562890.938627646,"standard_error":20804.62185146691},"Median":{"confidence_interval":{"confidence_level":0.95,"lower_bound":4508807.316666666,"upper_bound":4621756.84672619},"point_estimate":4547760.173611111,"standard_error":28788.45739037545},"MedianAbsDev":{"confidence_interval":{"confidence_level":0.95,"lower_bound":12880.34981507831,"upper_bound":115524.3392386157},"point_estimate":61252.61870192382,"standard_error":27729.967377497625},"Slope":{"confidence_interval":{"confidence_level":0.95,"lower_bound":4538940.580196293,"upper_bound":4644724.979297588},"point_estimate":4594850.392857143,"standard_error":26985.504586487954},"StdDev":{"confidence_interval":{"confidence_level":0.95,"lower_bound":33146.282521658926,"upper_bound":86250.74543610643},"point_estimate":69054.04721577861,"standard_error":13556.395270768358}}