{"Mean":{"confidence_interval":{"confidence_level":0.95,"lower_bound":-0.3155381451019012,"upper_bound":-0.3072313286797603},"point_estimate":-0.31144264841379854,"standard_error":0.0021929285745315016},"Median":{"confidence_interval":{"confidence_level":0.95,"lower_bound":-0.3193737961747982,"upper_bound":-0.3045669395162198},"point_estimate":-0.30890234320608845,"standard_error":0.003966889699364107}}