{"Mean":{"confidence_interval":{"confidence_level":0.95,"lower_bound":8111622.174055555,"upper_bound":8329821.011625},"point_estimate":8197583.946666665,"standard_error":59714.65449868204},"Median":{"confidence_interval":{"confidence_level":0.95,"lower_bound":8087632.166666667,"upper_bound":8203774.055555556},"point_estimate":8142116.341666667,"standard_error":34371.34364079096},"MedianAbsDev":{"confidence_interval":{"confidence_level":0.95,"lower_bound":16882.715958605055,"upper_bound":141059.88238235356},"point_estimate":86095.98070482421,"standard_error":35133.43119776891},"Slope":{"confidence_interval":{"confidence_level":0.95,"lower_bound":8087670.322683985,"upper_bound":8138557.367460592},"point_estimate":8108595.587012987,"standard_error":13131.147934693696},"StdDev":{"confidence_interval":{"confidence_level":0.95,"lower_bound":36258.25168554005,"upper_bound":302124.0055691915},"point_estimate":198919.11664102497,"standard_error":87622.14658128073}}