{"Mean":{"confidence_interval":{"confidence_level":0.95,"lower_bound":109.85846223433848,"upper_bound":109.94972519100483},"point_estimate":109.9039244884914,"standard_error":0.02332619366946465},"Median":{"confidence_interval":{"confidence_level":0.95,"lower_bound":109.83068143091626,"upper_bound":109.9465145861601},"point_estimate":109.88540851426535,"standard_error":0.0319890738805141},"MedianAbsDev":{"confidence_interval":{"confidence_level":0.95,"lower_bound":0.18693524263541547,"upper_bound":0.3049909895018435},"point_estimate":0.23593619408821007,"standard_error":0.030614761419130054},"Slope":{"confidence_interval":{"confidence_level":0.95,"lower_bound":109.86460104758335,"upper_bound":109.97036099141604},"point_estimate":109.91745029489026,"standard_error":0.026901411381291786},"StdDev":{"confidence_interval":{"confidence_level":0.95,"lower_bound":0.2038783338275153,"upper_bound":0.2628887520220983},"point_estimate":0.2352581524733577,"standard_error":0.015083563856563786}}