{"Mean":{"confidence_interval":{"confidence_level":0.95,"lower_bound":10945797.103656748,"upper_bound":11001866.638911111},"point_estimate":10973320.907825397,"standard_error":14374.544043810207},"Median":{"confidence_interval":{"confidence_level":0.95,"lower_bound":10931569.399999999,"upper_bound":11019269.18},"point_estimate":10960596.203571428,"standard_error":22058.148227474354},"MedianAbsDev":{"confidence_interval":{"confidence_level":0.95,"lower_bound":966.9846494989506,"upper_bound":85840.38129302848},"point_estimate":61762.56483149567,"standard_error":20275.268786799985},"Slope":{"confidence_interval":{"confidence_level":0.95,"lower_bound":10958688.778005296,"upper_bound":11002640.819283746},"point_estimate":10979585.054025974,"standard_error":11223.107089492709},"StdDev":{"confidence_interval":{"confidence_level":0.95,"lower_bound":28282.377732948797,"upper_bound":58447.56475634895},"point_estimate":47913.84835175778,"standard_error":7613.475099490356}}