{"Mean":{"confidence_interval":{"confidence_level":0.95,"lower_bound":100.1906967126726,"upper_bound":100.67718074676614},"point_estimate":100.4279247848491,"standard_error":0.12418691099087359},"Median":{"confidence_interval":{"confidence_level":0.95,"lower_bound":100.21172553003592,"upper_bound":100.45218710146912},"point_estimate":100.32015829517513,"standard_error":0.05682379595581493},"MedianAbsDev":{"confidence_interval":{"confidence_level":0.95,"lower_bound":0.4634556351860414,"upper_bound":0.9805134814975001},"point_estimate":0.6086371155070288,"standard_error":0.13015630772172934},"Slope":{"confidence_interval":{"confidence_level":0.95,"lower_bound":99.9208914128685,"upper_bound":100.72304536867041},"point_estimate":100.315657807498,"standard_error":0.20484058834734853},"StdDev":{"confidence_interval":{"confidence_level":0.95,"lower_bound":0.942938346859654,"upper_bound":1.5824713842572231},"point_estimate":1.2500322424949446,"standard_error":0.16730583285585138}}