{"Mean":{"confidence_interval":{"confidence_level":0.95,"lower_bound":0.010067153868824211,"upper_bound":0.03455468774196963},"point_estimate":0.023748504049385222,"standard_error":0.0063198969017764575},"Median":{"confidence_interval":{"confidence_level":0.95,"lower_bound":0.030536989775933998,"upper_bound":0.039197530600407315},"point_estimate":0.03446544874630075,"standard_error":0.0022331189139532213}}