{"Mean":{"confidence_interval":{"confidence_level":0.95,"lower_bound":19629820.37185185,"upper_bound":19745527.866203703},"point_estimate":19682030.68009259,"standard_error":29843.840862286},"Median":{"confidence_interval":{"confidence_level":0.95,"lower_bound":19613999.527777776,"upper_bound":19726189.0},"point_estimate":19661480.75,"standard_error":29966.481303701534},"MedianAbsDev":{"confidence_interval":{"confidence_level":0.95,"lower_bound":26993.450620771375,"upper_bound":139239.0766446786},"point_estimate":81972.70544469448,"standard_error":30466.43686952743},"Slope":{"confidence_interval":{"confidence_level":0.95,"lower_bound":19650852.86797228,"upper_bound":19802404.21231987},"point_estimate":19714998.340259742,"standard_error":40161.977323087616},"StdDev":{"confidence_interval":{"confidence_level":0.95,"lower_bound":40161.9384043105,"upper_bound":138479.76920636755},"point_estimate":99495.30705934916,"standard_error":28336.052943697257}}