{"Mean":{"confidence_interval":{"confidence_level":0.95,"lower_bound":28.522182805685155,"upper_bound":28.52761529361255},"point_estimate":28.524735502909635,"standard_error":0.0013897879812434376},"Median":{"confidence_interval":{"confidence_level":0.95,"lower_bound":28.519866663900746,"upper_bound":28.52307958864384},"point_estimate":28.520734188384193,"standard_error":0.0009142462400367756},"MedianAbsDev":{"confidence_interval":{"confidence_level":0.95,"lower_bound":0.00401403020107243,"upper_bound":0.00694994479793107},"point_estimate":0.005410157357724917,"standard_error":0.0007431871700880867},"Slope":{"confidence_interval":{"confidence_level":0.95,"lower_bound":28.520932282071094,"upper_bound":28.526714053003396},"point_estimate":28.523286514647605,"standard_error":0.0015128092953924218},"StdDev":{"confidence_interval":{"confidence_level":0.95,"lower_bound":0.009296082087820581,"upper_bound":0.017875957359754346},"point_estimate":0.013931448749933661,"standard_error":0.0021864091355958733}}