{"Mean":{"confidence_interval":{"confidence_level":0.95,"lower_bound":2175.713443431886,"upper_bound":2189.3231344145934},"point_estimate":2182.4095106252803,"standard_error":3.460256954274466},"Median":{"confidence_interval":{"confidence_level":0.95,"lower_bound":2174.1213717948717,"upper_bound":2185.1693945094758},"point_estimate":2178.8577356141395,"standard_error":2.8679364061521078},"MedianAbsDev":{"confidence_interval":{"confidence_level":0.95,"lower_bound":19.39617751462348,"upper_bound":31.56378272275584},"point_estimate":25.19571765424041,"standard_error":3.1001642554213005},"Slope":{"confidence_interval":{"confidence_level":0.95,"lower_bound":2178.759343417197,"upper_bound":2190.4443522258985},"point_estimate":2184.2551667367657,"standard_error":2.985332725367407},"StdDev":{"confidence_interval":{"confidence_level":0.95,"lower_bound":28.111254281026962,"upper_bound":40.92468251581182},"point_estimate":34.84435685946306,"standard_error":3.2645169721398215}}