{"Mean":{"confidence_interval":{"confidence_level":0.95,"lower_bound":58314686.26583333,"upper_bound":58615717.45295933},"point_estimate":58456808.74480158,"standard_error":76891.80319737199},"Median":{"confidence_interval":{"confidence_level":0.95,"lower_bound":58264865.39583333,"upper_bound":58574105.58928572},"point_estimate":58464470.972222224,"standard_error":92208.0463074882},"MedianAbsDev":{"confidence_interval":{"confidence_level":0.95,"lower_bound":39100.585572482865,"upper_bound":436333.8589168667},"point_estimate":184290.97589068115,"standard_error":98678.93587246128},"Slope":{"confidence_interval":{"confidence_level":0.95,"lower_bound":58325467.765925795,"upper_bound":58534294.6087084},"point_estimate":58455032.50649351,"standard_error":53300.654787718326},"StdDev":{"confidence_interval":{"confidence_level":0.95,"lower_bound":125012.81079297312,"upper_bound":347344.76801267196},"point_estimate":256062.1277688067,"standard_error":61460.31223387246}}