{"Mean":{"confidence_interval":{"confidence_level":0.95,"lower_bound":0.023503349833156828,"upper_bound":0.037394755665293856},"point_estimate":0.030134265612791866,"standard_error":0.0035156928238958894},"Median":{"confidence_interval":{"confidence_level":0.95,"lower_bound":0.02408361371437895,"upper_bound":0.029034770799266862},"point_estimate":0.026659743691632043,"standard_error":0.0012697268708517701}}