{"Mean":{"confidence_interval":{"confidence_level":0.95,"lower_bound":-0.1427814097873268,"upper_bound":-0.11466776852251806},"point_estimate":-0.1277833673596459,"standard_error":0.007227121540120965},"Median":{"confidence_interval":{"confidence_level":0.95,"lower_bound":-0.11303312255913678,"upper_bound":-0.10129733385247056},"point_estimate":-0.10871018794351117,"standard_error":0.0030508634308972146}}