{"Mean":{"confidence_interval":{"confidence_level":0.95,"lower_bound":1670.714317471976,"upper_bound":1691.2238206865748},"point_estimate":1680.4050535663396,"standard_error":5.212340968548411},"Median":{"confidence_interval":{"confidence_level":0.95,"lower_bound":1653.642634207241,"upper_bound":1666.4241573033707},"point_estimate":1658.509596895633,"standard_error":3.0192049603568822},"MedianAbsDev":{"confidence_interval":{"confidence_level":0.95,"lower_bound":11.495819506657137,"upper_bound":27.68580415938065},"point_estimate":16.678000988015743,"standard_error":4.017598791010367},"Slope":{"confidence_interval":{"confidence_level":0.95,"lower_bound":1664.3167842847117,"upper_bound":1683.9784709353398},"point_estimate":1673.6309212337467,"standard_error":5.020569774587492},"StdDev":{"confidence_interval":{"confidence_level":0.95,"lower_bound":37.96601274104115,"upper_bound":65.11505042452242},"point_estimate":52.396743557441006,"standard_error":6.923644974167663}}