{"Mean":{"confidence_interval":{"confidence_level":0.95,"lower_bound":40.00237448069617,"upper_bound":40.32847380499563},"point_estimate":40.15770479011485,"standard_error":0.0832018363226908},"Median":{"confidence_interval":{"confidence_level":0.95,"lower_bound":39.7983332208651,"upper_bound":40.01985045250923},"point_estimate":39.90594334834784,"standard_error":0.06923044761331205},"MedianAbsDev":{"confidence_interval":{"confidence_level":0.95,"lower_bound":0.32722654525112627,"upper_bound":0.6177011027899997},"point_estimate":0.49992764638027987,"standard_error":0.0742167306847116},"Slope":{"confidence_interval":{"confidence_level":0.95,"lower_bound":39.91015344646387,"upper_bound":40.256275509860586},"point_estimate":40.06492709720395,"standard_error":0.08874666291763054},"StdDev":{"confidence_interval":{"confidence_level":0.95,"lower_bound":0.6108357562679253,"upper_bound":1.0354859921760005},"point_estimate":0.8367786556595451,"standard_error":0.10896418804608406}}