{"Mean":{"confidence_interval":{"confidence_level":0.95,"lower_bound":-0.5095328427438406,"upper_bound":-0.507540270851225},"point_estimate":-0.5085366070133737,"standard_error":0.0005065956322145401},"Median":{"confidence_interval":{"confidence_level":0.95,"lower_bound":-0.5095405075771551,"upper_bound":-0.5072950617541963},"point_estimate":-0.5083609923694237,"standard_error":0.000649622528048508}}