{"Mean":{"confidence_interval":{"confidence_level":0.95,"lower_bound":80.3065188857037,"upper_bound":80.75329944592006},"point_estimate":80.52488483104915,"standard_error":0.11384606570428393},"Median":{"confidence_interval":{"confidence_level":0.95,"lower_bound":80.23637132263505,"upper_bound":80.52484768138181},"point_estimate":80.42480981452121,"standard_error":0.07563212706434125},"MedianAbsDev":{"confidence_interval":{"confidence_level":0.95,"lower_bound":0.5211949146110149,"upper_bound":0.9629537449378174},"point_estimate":0.7830951337338391,"standard_error":0.11882743443401649},"Slope":{"confidence_interval":{"confidence_level":0.95,"lower_bound":80.34704161109038,"upper_bound":80.8685032141475},"point_estimate":80.58264948861071,"standard_error":0.13342726025841042},"StdDev":{"confidence_interval":{"confidence_level":0.95,"lower_bound":0.8604976066553116,"upper_bound":1.391615547869728},"point_estimate":1.1423265680542227,"standard_error":0.13583367443313976}}