{"Mean":{"confidence_interval":{"confidence_level":0.95,"lower_bound":-0.01405497640529394,"upper_bound":-0.004685080308888105},"point_estimate":-0.009092698637749419,"standard_error":0.002391224149763369},"Median":{"confidence_interval":{"confidence_level":0.95,"lower_bound":-0.008460821357038295,"upper_bound":-0.0025567843364708853},"point_estimate":-0.004907971697065583,"standard_error":0.0015655780649103572}}