{"Mean":{"confidence_interval":{"confidence_level":0.95,"lower_bound":-0.467309158406582,"upper_bound":-0.4650829757530213},"point_estimate":-0.4661678444652607,"standard_error":0.0005657773953199681},"Median":{"confidence_interval":{"confidence_level":0.95,"lower_bound":-0.4669417747024619,"upper_bound":-0.46451276472141345},"point_estimate":-0.4657330439316457,"standard_error":0.000610070286564362}}