{"Mean":{"confidence_interval":{"confidence_level":0.95,"lower_bound":114.94489175023993,"upper_bound":115.3108459846101},"point_estimate":115.12506756703479,"standard_error":0.09314312298473121},"Median":{"confidence_interval":{"confidence_level":0.95,"lower_bound":114.83613222415066,"upper_bound":115.2555509007122},"point_estimate":115.00418760959138,"standard_error":0.11588483280417836},"MedianAbsDev":{"confidence_interval":{"confidence_level":0.95,"lower_bound":0.5836598629319358,"upper_bound":0.9460692373098482},"point_estimate":0.7165677209141822,"standard_error":0.09524914531424071},"Slope":{"confidence_interval":{"confidence_level":0.95,"lower_bound":114.85314724415606,"upper_bound":115.26610705224353},"point_estimate":115.04607195086383,"standard_error":0.10564304897933068},"StdDev":{"confidence_interval":{"confidence_level":0.95,"lower_bound":0.7655462628069296,"upper_bound":1.095217945386943},"point_estimate":0.9384532550202445,"standard_error":0.08405383017255245}}