{"Mean":{"confidence_interval":{"confidence_level":0.95,"lower_bound":138.88657173970276,"upper_bound":140.40729235310496},"point_estimate":139.56891691523222,"standard_error":0.3886828736172421},"Median":{"confidence_interval":{"confidence_level":0.95,"lower_bound":138.3922125396404,"upper_bound":139.22463597933302},"point_estimate":138.81624266131115,"standard_error":0.1962072535979872},"MedianAbsDev":{"confidence_interval":{"confidence_level":0.95,"lower_bound":1.4459446589457128,"upper_bound":2.534497025571366},"point_estimate":1.8676937058291225,"standard_error":0.2823518269514426},"Slope":{"confidence_interval":{"confidence_level":0.95,"lower_bound":138.3582529791624,"upper_bound":139.11464567774556},"point_estimate":138.71494030274152,"standard_error":0.1928976018696944},"StdDev":{"confidence_interval":{"confidence_level":0.95,"lower_bound":2.069157114112204,"upper_bound":5.6793204210821235},"point_estimate":3.8984799842344375,"standard_error":0.9772523115427939}}