{"Mean":{"confidence_interval":{"confidence_level":0.95,"lower_bound":464.5141848356469,"upper_bound":476.8372595441608},"point_estimate":470.20606318542906,"standard_error":3.155497437137637},"Median":{"confidence_interval":{"confidence_level":0.95,"lower_bound":455.1905170586989,"upper_bound":466.88810784257066},"point_estimate":458.4403736098087,"standard_error":3.0362348941276758},"MedianAbsDev":{"confidence_interval":{"confidence_level":0.95,"lower_bound":8.622532904357435,"upper_bound":21.2231567891583},"point_estimate":13.716772777763754,"standard_error":3.0520149014206486},"Slope":{"confidence_interval":{"confidence_level":0.95,"lower_bound":454.6480702247069,"upper_bound":460.4355524671858},"point_estimate":457.2116322356795,"standard_error":1.4816602372052157},"StdDev":{"confidence_interval":{"confidence_level":0.95,"lower_bound":18.15036650324701,"upper_bound":42.97223995725248},"point_estimate":31.812055220835568,"standard_error":6.2742427193191785}}