{"Mean":{"confidence_interval":{"confidence_level":0.95,"lower_bound":22.78790889854489,"upper_bound":23.928471553642893},"point_estimate":23.28782568727588,"standard_error":0.29271644964051907},"Median":{"confidence_interval":{"confidence_level":0.95,"lower_bound":22.577149935118555,"upper_bound":22.81361433660276},"point_estimate":22.690686343039772,"standard_error":0.05181571545532174},"MedianAbsDev":{"confidence_interval":{"confidence_level":0.95,"lower_bound":0.3249458704193921,"upper_bound":0.5624798315459741},"point_estimate":0.4431455158714002,"standard_error":0.06220964714302565},"Slope":{"confidence_interval":{"confidence_level":0.95,"lower_bound":22.563342828889297,"upper_bound":22.822106997516883},"point_estimate":22.675482992755654,"standard_error":0.06621845026300353},"StdDev":{"confidence_interval":{"confidence_level":0.95,"lower_bound":0.5274781441445221,"upper_bound":4.346518210072062},"point_estimate":2.944030918454932,"standard_error":0.8968690227620612}}