{"Mean":{"confidence_interval":{"confidence_level":0.95,"lower_bound":1492.2181651164803,"upper_bound":1497.4636068135446},"point_estimate":1494.931338024053,"standard_error":1.333340008924242},"Median":{"confidence_interval":{"confidence_level":0.95,"lower_bound":1493.3122642094813,"upper_bound":1497.9746835443038},"point_estimate":1494.6716331865714,"standard_error":1.0984326951667351},"MedianAbsDev":{"confidence_interval":{"confidence_level":0.95,"lower_bound":7.985325850219983,"upper_bound":13.318492219281838},"point_estimate":10.187869419819817,"standard_error":1.362502112633245},"Slope":{"confidence_interval":{"confidence_level":0.95,"lower_bound":1493.3870301336353,"upper_bound":1497.5792123653996},"point_estimate":1495.4464338291,"standard_error":1.0697708547779217},"StdDev":{"confidence_interval":{"confidence_level":0.95,"lower_bound":9.849895586960153,"upper_bound":16.912407179719025},"point_estimate":13.437166039503564,"standard_error":1.8177523702269296}}