{"Mean":{"confidence_interval":{"confidence_level":0.95,"lower_bound":266.71038019599814,"upper_bound":267.99074454003556},"point_estimate":267.3745977653661,"standard_error":0.3264106365036294},"Median":{"confidence_interval":{"confidence_level":0.95,"lower_bound":266.7908376474272,"upper_bound":268.6899247721975},"point_estimate":267.8176140023422,"standard_error":0.48317280409267094},"MedianAbsDev":{"confidence_interval":{"confidence_level":0.95,"lower_bound":2.2281301319657225,"upper_bound":3.299227022380486},"point_estimate":2.5951095141089513,"standard_error":0.27504904152843807},"Slope":{"confidence_interval":{"confidence_level":0.95,"lower_bound":267.58132203637086,"upper_bound":268.6652505369209},"point_estimate":268.1267389671803,"standard_error":0.27764881870498737},"StdDev":{"confidence_interval":{"confidence_level":0.95,"lower_bound":2.4312462391713656,"upper_bound":4.06649033185926},"point_estimate":3.286446269861885,"standard_error":0.4192148423089765}}