{"Mean":{"confidence_interval":{"confidence_level":0.95,"lower_bound":5331476.60802721,"upper_bound":5495825.945714285},"point_estimate":5394790.760884354,"standard_error":45540.08243031414},"Median":{"confidence_interval":{"confidence_level":0.95,"lower_bound":5324002.135714285,"upper_bound":5398710.142857143},"point_estimate":5347607.357142857,"standard_error":20350.39468817107},"MedianAbsDev":{"confidence_interval":{"confidence_level":0.95,"lower_bound":5233.224907092014,"upper_bound":90140.81062539501},"point_estimate":40835.629289308905,"standard_error":25475.8937819457},"Slope":{"confidence_interval":{"confidence_level":0.95,"lower_bound":5340289.842857143,"upper_bound":5444404.75997426},"point_estimate":5376073.5851577,"standard_error":27107.56913771424},"StdDev":{"confidence_interval":{"confidence_level":0.95,"lower_bound":22794.317142790474,"upper_bound":231750.72636890924},"point_estimate":151737.27934249345,"standard_error":70051.7740613347}}