{"Mean":{"confidence_interval":{"confidence_level":0.95,"lower_bound":1501.2982172015556,"upper_bound":1503.2308040448172},"point_estimate":1502.2636018489147,"standard_error":0.49583494384921406},"Median":{"confidence_interval":{"confidence_level":0.95,"lower_bound":1501.0016441573694,"upper_bound":1502.898246918476},"point_estimate":1501.792246447535,"standard_error":0.5546321742938007},"MedianAbsDev":{"confidence_interval":{"confidence_level":0.95,"lower_bound":2.8858064629784637,"upper_bound":5.258739931876807},"point_estimate":3.6073455593665598,"standard_error":0.6389499377384783},"Slope":{"confidence_interval":{"confidence_level":0.95,"lower_bound":1500.7955120503525,"upper_bound":1502.4463400674567},"point_estimate":1501.6089893514816,"standard_error":0.42154779320446717},"StdDev":{"confidence_interval":{"confidence_level":0.95,"lower_bound":4.029555393028126,"upper_bound":5.861895182072178},"point_estimate":4.978120071510913,"standard_error":0.4688431995766998}}