{"Mean":{"confidence_interval":{"confidence_level":0.95,"lower_bound":32.040320237609926,"upper_bound":32.159549644837014},"point_estimate":32.09896925313867,"standard_error":0.03043557806506596},"Median":{"confidence_interval":{"confidence_level":0.95,"lower_bound":31.97525377229081,"upper_bound":32.134029080932784},"point_estimate":32.06982167352538,"standard_error":0.03896023873986521},"MedianAbsDev":{"confidence_interval":{"confidence_level":0.95,"lower_bound":0.21073304927254255,"upper_bound":0.3541296495688126},"point_estimate":0.2882022656008303,"standard_error":0.03619006638791764},"Slope":{"confidence_interval":{"confidence_level":0.95,"lower_bound":32.012663430714284,"upper_bound":32.12054678989373},"point_estimate":32.065433968242964,"standard_error":0.027472792196968493},"StdDev":{"confidence_interval":{"confidence_level":0.95,"lower_bound":0.2530825893033534,"upper_bound":0.3551432898291056},"point_estimate":0.30520630333416465,"standard_error":0.026085385598735723}}