{"Mean":{"confidence_interval":{"confidence_level":0.95,"lower_bound":-0.03529757980590359,"upper_bound":-0.017605381071609662},"point_estimate":-0.0256607442688076,"standard_error":0.004533701718745092},"Median":{"confidence_interval":{"confidence_level":0.95,"lower_bound":-0.027326265848927278,"upper_bound":-0.017984492906581218},"point_estimate":-0.023323778707860066,"standard_error":0.0023573360340892586}}