{"Mean":{"confidence_interval":{"confidence_level":0.95,"lower_bound":92.81341239665286,"upper_bound":93.3965414694222},"point_estimate":93.08891849576453,"standard_error":0.149406489161929},"Median":{"confidence_interval":{"confidence_level":0.95,"lower_bound":92.59945608383252,"upper_bound":93.03486117476604},"point_estimate":92.7744847011376,"standard_error":0.12639822141530516},"MedianAbsDev":{"confidence_interval":{"confidence_level":0.95,"lower_bound":0.6870407411775318,"upper_bound":1.0870547963069501},"point_estimate":0.8932698373737221,"standard_error":0.09880032282015459},"Slope":{"confidence_interval":{"confidence_level":0.95,"lower_bound":92.77199958098707,"upper_bound":93.78048025060738},"point_estimate":93.20110777537414,"standard_error":0.26156180494816106},"StdDev":{"confidence_interval":{"confidence_level":0.95,"lower_bound":1.0193752431692942,"upper_bound":1.9823871917138516},"point_estimate":1.499133558098278,"standard_error":0.2511962021795167}}