{"Mean":{"confidence_interval":{"confidence_level":0.95,"lower_bound":5801691.580158731,"upper_bound":5807877.511666667},"point_estimate":5804719.41096372,"standard_error":1582.751294135409},"Median":{"confidence_interval":{"confidence_level":0.95,"lower_bound":5800547.406349206,"upper_bound":5809067.778571429},"point_estimate":5803964.339285715,"standard_error":2139.3972392248897},"MedianAbsDev":{"confidence_interval":{"confidence_level":0.95,"lower_bound":1109.2177603080597,"upper_bound":9342.288387474026},"point_estimate":6167.502426218793,"standard_error":2168.2763965046065},"Slope":{"confidence_interval":{"confidence_level":0.95,"lower_bound":5800037.722006873,"upper_bound":5809383.724977177},"point_estimate":5804856.84638219,"standard_error":2473.8105260234884},"StdDev":{"confidence_interval":{"confidence_level":0.95,"lower_bound":2977.178372097947,"upper_bound":6458.0625354450485},"point_estimate":5273.689038550371,"standard_error":874.7974235257992}}