{"Mean":{"confidence_interval":{"confidence_level":0.95,"lower_bound":123.35679574024095,"upper_bound":126.95750241205404},"point_estimate":124.7746375066463,"standard_error":0.9544082141668769},"Median":{"confidence_interval":{"confidence_level":0.95,"lower_bound":123.08162208407444,"upper_bound":123.67769131930585},"point_estimate":123.30095205850488,"standard_error":0.16111813790280355},"MedianAbsDev":{"confidence_interval":{"confidence_level":0.95,"lower_bound":1.1713707998481602,"upper_bound":2.219752306203648},"point_estimate":1.6407590659029432,"standard_error":0.27018937970282675},"Slope":{"confidence_interval":{"confidence_level":0.95,"lower_bound":122.73719912512693,"upper_bound":125.32556511662052},"point_estimate":123.7935365396503,"standard_error":0.6700261770322457},"StdDev":{"confidence_interval":{"confidence_level":0.95,"lower_bound":1.990296682868665,"upper_bound":15.721349626784887},"point_estimate":9.573522115726973,"standard_error":4.125938247070498}}