{"Mean":{"confidence_interval":{"confidence_level":0.95,"lower_bound":1502.9055754225903,"upper_bound":1509.8479489928905},"point_estimate":1506.3523786737032,"standard_error":1.7645614642064131},"Median":{"confidence_interval":{"confidence_level":0.95,"lower_bound":1501.8246341687684,"upper_bound":1507.1200059630291},"point_estimate":1504.1716983733113,"standard_error":1.4863979920194321},"MedianAbsDev":{"confidence_interval":{"confidence_level":0.95,"lower_bound":10.691414873659596,"upper_bound":19.308456346895824},"point_estimate":15.654206793298599,"standard_error":2.1900123194862986},"Slope":{"confidence_interval":{"confidence_level":0.95,"lower_bound":1505.6579427915078,"upper_bound":1512.0332058921053},"point_estimate":1508.8894029774963,"standard_error":1.626907417235708},"StdDev":{"confidence_interval":{"confidence_level":0.95,"lower_bound":14.00082188056826,"upper_bound":21.564170955786246},"point_estimate":17.770781933607065,"standard_error":1.9447869823042987}}