{"Mean":{"confidence_interval":{"confidence_level":0.95,"lower_bound":88.7723560661166,"upper_bound":89.11497935363775},"point_estimate":88.94271075932961,"standard_error":0.08708380020495604},"Median":{"confidence_interval":{"confidence_level":0.95,"lower_bound":88.66738465416323,"upper_bound":89.05497748097531},"point_estimate":88.83536770814788,"standard_error":0.11446763994348008},"MedianAbsDev":{"confidence_interval":{"confidence_level":0.95,"lower_bound":0.5216886391683746,"upper_bound":0.9093848913764772},"point_estimate":0.6749840597622772,"standard_error":0.09857954534636523},"Slope":{"confidence_interval":{"confidence_level":0.95,"lower_bound":88.49971728126329,"upper_bound":88.74880646470082},"point_estimate":88.6210493536689,"standard_error":0.06354955830070498},"StdDev":{"confidence_interval":{"confidence_level":0.95,"lower_bound":0.692732029163048,"upper_bound":1.0493583996788667},"point_estimate":0.8740402612101226,"standard_error":0.09157124134615861}}