{"Mean":{"confidence_interval":{"confidence_level":0.95,"lower_bound":-0.04893814960358005,"upper_bound":-0.033685112731273524},"point_estimate":-0.04103665731575501,"standard_error":0.0038818110553878998},"Median":{"confidence_interval":{"confidence_level":0.95,"lower_bound":-0.04496593995382481,"upper_bound":-0.03396106269860266},"point_estimate":-0.039342647307978096,"standard_error":0.002681661255750864}}