{"Mean":{"confidence_interval":{"confidence_level":0.95,"lower_bound":18.604960761699783,"upper_bound":18.64257543891152},"point_estimate":18.623190697522954,"standard_error":0.009603362859708127},"Median":{"confidence_interval":{"confidence_level":0.95,"lower_bound":18.600209858721104,"upper_bound":18.630956136160854},"point_estimate":18.616720973808853,"standard_error":0.008000118372015115},"MedianAbsDev":{"confidence_interval":{"confidence_level":0.95,"lower_bound":0.047501125692004056,"upper_bound":0.08299657090846323},"point_estimate":0.06436590890214026,"standard_error":0.009176042602551716},"Slope":{"confidence_interval":{"confidence_level":0.95,"lower_bound":18.603052846192345,"upper_bound":18.632461187729927},"point_estimate":18.616926896538555,"standard_error":0.007513353138783972},"StdDev":{"confidence_interval":{"confidence_level":0.95,"lower_bound":0.07121918305382312,"upper_bound":0.12008508102787521},"point_estimate":0.09619067738830706,"standard_error":0.012566858859104047}}