{"Mean":{"confidence_interval":{"confidence_level":0.95,"lower_bound":0.013026399620251568,"upper_bound":0.023124222127448767},"point_estimate":0.017975286995912887,"standard_error":0.0026226952963616314},"Median":{"confidence_interval":{"confidence_level":0.95,"lower_bound":0.011569115044061329,"upper_bound":0.026157144746981942},"point_estimate":0.01638278838637297,"standard_error":0.003416809866034181}}