{"Mean":{"confidence_interval":{"confidence_level":0.95,"lower_bound":66.47236722376358,"upper_bound":66.91269128075885},"point_estimate":66.67809915846306,"standard_error":0.11225834294160372},"Median":{"confidence_interval":{"confidence_level":0.95,"lower_bound":66.35985457174996,"upper_bound":66.61854611923509},"point_estimate":66.50886802467717,"standard_error":0.06429330365403654},"MedianAbsDev":{"confidence_interval":{"confidence_level":0.95,"lower_bound":0.4509409532204639,"upper_bound":0.7080114729594675},"point_estimate":0.5852969106482875,"standard_error":0.06588869345018462},"Slope":{"confidence_interval":{"confidence_level":0.95,"lower_bound":66.43508955439755,"upper_bound":67.01594333371614},"point_estimate":66.68343963185332,"standard_error":0.15040147880020735},"StdDev":{"confidence_interval":{"confidence_level":0.95,"lower_bound":0.7011060226711247,"upper_bound":1.5530371341603018},"point_estimate":1.1313160598009535,"standard_error":0.2220355829148387}}