{"Mean":{"confidence_interval":{"confidence_level":0.95,"lower_bound":156.28986043080226,"upper_bound":156.91361110218057},"point_estimate":156.60527282541196,"standard_error":0.159364545724334},"Median":{"confidence_interval":{"confidence_level":0.95,"lower_bound":156.32569070729159,"upper_bound":157.03927000507528},"point_estimate":156.67891934803322,"standard_error":0.17635261817967932},"MedianAbsDev":{"confidence_interval":{"confidence_level":0.95,"lower_bound":1.1035178637924015,"upper_bound":1.733474382687189},"point_estimate":1.5376935288848899,"standard_error":0.16685759209707265},"Slope":{"confidence_interval":{"confidence_level":0.95,"lower_bound":156.6081381873055,"upper_bound":157.30554790686813},"point_estimate":156.96087606754585,"standard_error":0.17794702800426573},"StdDev":{"confidence_interval":{"confidence_level":0.95,"lower_bound":1.3089509383546405,"upper_bound":1.8833879901093156},"point_estimate":1.6050316825168645,"standard_error":0.14723943062926376}}