{"Mean":{"confidence_interval":{"confidence_level":0.95,"lower_bound":1560.2554563192684,"upper_bound":1561.5370317019087},"point_estimate":1560.8222795083223,"standard_error":0.3290710686831149},"Median":{"confidence_interval":{"confidence_level":0.95,"lower_bound":1559.755328798186,"upper_bound":1560.6706589706591},"point_estimate":1560.3444328165674,"standard_error":0.27097243325500975},"MedianAbsDev":{"confidence_interval":{"confidence_level":0.95,"lower_bound":1.4343230857283336,"upper_bound":2.298165244404423},"point_estimate":1.828816452049263,"standard_error":0.21926599156053458},"Slope":{"confidence_interval":{"confidence_level":0.95,"lower_bound":1560.2867461948479,"upper_bound":1561.2314879251771},"point_estimate":1560.7406696909918,"standard_error":0.24149324173698133},"StdDev":{"confidence_interval":{"confidence_level":0.95,"lower_bound":1.658046176341101,"upper_bound":4.9592712764250315},"point_estimate":3.303309639192254,"standard_error":0.9461102987689612}}