{"Mean":{"confidence_interval":{"confidence_level":0.95,"lower_bound":15277620.042293979,"upper_bound":15388490.606190477},"point_estimate":15327874.629748678,"standard_error":28577.307590029497},"Median":{"confidence_interval":{"confidence_level":0.95,"lower_bound":15261713.333333334,"upper_bound":15404009.466666667},"point_estimate":15278260.404761905,"standard_error":37752.47544955796},"MedianAbsDev":{"confidence_interval":{"confidence_level":0.95,"lower_bound":1675.173236927931,"upper_bound":156872.89628244864},"point_estimate":31656.69036020365,"standard_error":40229.43635084586},"Slope":{"confidence_interval":{"confidence_level":0.95,"lower_bound":15277438.655259823,"upper_bound":15402820.396358544},"point_estimate":15337604.485714287,"standard_error":33296.34727507913},"StdDev":{"confidence_interval":{"confidence_level":0.95,"lower_bound":24260.04584512218,"upper_bound":124415.63388641023},"point_estimate":95208.68347321301,"standard_error":23467.405105823003}}