{"Mean":{"confidence_interval":{"confidence_level":0.95,"lower_bound":760.4923759311592,"upper_bound":763.3112694561673},"point_estimate":761.8843994576383,"standard_error":0.7212466703168312},"Median":{"confidence_interval":{"confidence_level":0.95,"lower_bound":759.2876756066411,"upper_bound":762.9182630906769},"point_estimate":760.7932047628726,"standard_error":0.9233151806723516},"MedianAbsDev":{"confidence_interval":{"confidence_level":0.95,"lower_bound":5.4401446671473845,"upper_bound":9.502446120629676},"point_estimate":7.473722460705739,"standard_error":1.0312417531211246},"Slope":{"confidence_interval":{"confidence_level":0.95,"lower_bound":758.3066086415379,"upper_bound":761.5386485994638},"point_estimate":759.8556842848463,"standard_error":0.8273095372931663},"StdDev":{"confidence_interval":{"confidence_level":0.95,"lower_bound":6.230396398953567,"upper_bound":8.118548295635224},"point_estimate":7.218733851339356,"standard_error":0.48279521557647515}}