{"Mean":{"confidence_interval":{"confidence_level":0.95,"lower_bound":13271439.03034871,"upper_bound":13468941.402142858},"point_estimate":13358530.202906746,"standard_error":51053.97080907927},"Median":{"confidence_interval":{"confidence_level":0.95,"lower_bound":13240431.269444443,"upper_bound":13449236.25},"point_estimate":13300152.6875,"standard_error":53138.631120667036},"MedianAbsDev":{"confidence_interval":{"confidence_level":0.95,"lower_bound":29814.889849847175,"upper_bound":243748.54071926497},"point_estimate":104338.8415276146,"standard_error":55980.20367079057},"Slope":{"confidence_interval":{"confidence_level":0.95,"lower_bound":13229884.271760643,"upper_bound":13378984.726287263},"point_estimate":13281714.42987013,"standard_error":38395.277021450165},"StdDev":{"confidence_interval":{"confidence_level":0.95,"lower_bound":60600.64823586619,"upper_bound":236848.88257854746},"point_estimate":169643.11661694522,"standard_error":49871.08829118909}}