{"Mean":{"confidence_interval":{"confidence_level":0.95,"lower_bound":24735918.995416664,"upper_bound":25007446.91090278},"point_estimate":24866594.557361107,"standard_error":69490.76470693282},"Median":{"confidence_interval":{"confidence_level":0.95,"lower_bound":24691338.447916664,"upper_bound":25047158.25},"point_estimate":24835816.23888889,"standard_error":76204.87981951924},"MedianAbsDev":{"confidence_interval":{"confidence_level":0.95,"lower_bound":36198.44024901466,"upper_bound":421791.4918804541},"point_estimate":146101.51713117957,"standard_error":96768.5099166731},"Slope":{"confidence_interval":{"confidence_level":0.95,"lower_bound":24632560.588823985,"upper_bound":24910382.061440676},"point_estimate":24743495.99220779,"standard_error":71828.43400396845},"StdDev":{"confidence_interval":{"confidence_level":0.95,"lower_bound":112637.70065391339,"upper_bound":297376.57387713075},"point_estimate":231802.06587417392,"standard_error":47240.104918868354}}