{"Mean":{"confidence_interval":{"confidence_level":0.95,"lower_bound":8578741.029166669,"upper_bound":8631794.246369049},"point_estimate":8604969.499801587,"standard_error":13602.850531493079},"Median":{"confidence_interval":{"confidence_level":0.95,"lower_bound":8571894.666666666,"upper_bound":8647453.666666666},"point_estimate":8598288.00595238,"standard_error":22001.159931057256},"MedianAbsDev":{"confidence_interval":{"confidence_level":0.95,"lower_bound":5521.449401975138,"upper_bound":72893.00728089003},"point_estimate":41171.315894062966,"standard_error":19178.69498470501},"Slope":{"confidence_interval":{"confidence_level":0.95,"lower_bound":8561875.684708033,"upper_bound":8638891.264285713},"point_estimate":8594296.494372295,"standard_error":19623.485439192253},"StdDev":{"confidence_interval":{"confidence_level":0.95,"lower_bound":26973.35905223112,"upper_bound":55506.05186236804},"point_estimate":45346.57841807548,"standard_error":7217.755749897399}}