{"Mean":{"confidence_interval":{"confidence_level":0.95,"lower_bound":6297955.438194444,"upper_bound":6425951.488368055},"point_estimate":6356044.710887898,"standard_error":32907.69385933712},"Median":{"confidence_interval":{"confidence_level":0.95,"lower_bound":6278797.945833333,"upper_bound":6439135.194444444},"point_estimate":6317701.2,"standard_error":43085.83668018621},"MedianAbsDev":{"confidence_interval":{"confidence_level":0.95,"lower_bound":2318.9963938288015,"upper_bound":180038.03696701836},"point_estimate":63750.08681820959,"standard_error":44280.017862464236},"Slope":{"confidence_interval":{"confidence_level":0.95,"lower_bound":6288207.886739181,"upper_bound":6478819.047149122},"point_estimate":6378976.244155844,"standard_error":49072.22811652907},"StdDev":{"confidence_interval":{"confidence_level":0.95,"lower_bound":46398.03925472008,"upper_bound":148634.15758101863},"point_estimate":109776.53787281341,"standard_error":28342.26601893051}}