{"Mean":{"confidence_interval":{"confidence_level":0.95,"lower_bound":0.1171489047626049,"upper_bound":0.12705530700345488},"point_estimate":0.12203622981556195,"standard_error":0.0025301984842885},"Median":{"confidence_interval":{"confidence_level":0.95,"lower_bound":0.1158184521257859,"upper_bound":0.12317496719660825},"point_estimate":0.11902822416985082,"standard_error":0.0019624401587951187}}