{"Mean":{"confidence_interval":{"confidence_level":0.95,"lower_bound":160.4923976346138,"upper_bound":161.33423315085594},"point_estimate":160.80842168546286,"standard_error":0.23385946819703327},"Median":{"confidence_interval":{"confidence_level":0.95,"lower_bound":160.39383855773414,"upper_bound":160.5864456708181},"point_estimate":160.48861934710993,"standard_error":0.053540890789226234},"MedianAbsDev":{"confidence_interval":{"confidence_level":0.95,"lower_bound":0.4057162827556887,"upper_bound":0.7145698659028756},"point_estimate":0.5394821822765189,"standard_error":0.07596692519762839},"Slope":{"confidence_interval":{"confidence_level":0.95,"lower_bound":160.4400316851112,"upper_bound":162.0323984883081},"point_estimate":160.97256329808167,"standard_error":0.45351743657018684},"StdDev":{"confidence_interval":{"confidence_level":0.95,"lower_bound":0.522092076823291,"upper_bound":3.951889800935986},"point_estimate":2.3523280411026337,"standard_error":1.1828825829252956}}