{"Mean":{"confidence_interval":{"confidence_level":0.95,"lower_bound":0.04179217523475777,"upper_bound":0.05230689010551811},"point_estimate":0.046646028211303925,"standard_error":0.0027761500820417872},"Median":{"confidence_interval":{"confidence_level":0.95,"lower_bound":0.03197933947439169,"upper_bound":0.033667867939824965},"point_estimate":0.03279456502590139,"standard_error":0.00044368683776524324}}