{"Mean":{"confidence_interval":{"confidence_level":0.95,"lower_bound":82.51464744864853,"upper_bound":91.69180070507576},"point_estimate":85.73450471716801,"standard_error":2.8049728776749188},"Median":{"confidence_interval":{"confidence_level":0.95,"lower_bound":80.97393903095809,"upper_bound":82.07259937639404},"point_estimate":81.52313794809199,"standard_error":0.37849547023802627},"MedianAbsDev":{"confidence_interval":{"confidence_level":0.95,"lower_bound":1.1768213175721953,"upper_bound":3.0330441466749742},"point_estimate":1.8658414968349553,"standard_error":0.5467835192989746},"Slope":{"confidence_interval":{"confidence_level":0.95,"lower_bound":80.94264505316666,"upper_bound":89.88640197530385},"point_estimate":83.70604616829601,"standard_error":2.642311057651756},"StdDev":{"confidence_interval":{"confidence_level":0.95,"lower_bound":2.7393591005523596,"upper_bound":48.02442170983183},"point_estimate":28.07782341481938,"standard_error":16.33558999085998}}