{"Mean":{"confidence_interval":{"confidence_level":0.95,"lower_bound":-0.10783590212153676,"upper_bound":-0.09833559274116434},"point_estimate":-0.10300652933898502,"standard_error":0.0024380419046650184},"Median":{"confidence_interval":{"confidence_level":0.95,"lower_bound":-0.10892209339926284,"upper_bound":-0.09622857651843186},"point_estimate":-0.10341150633982787,"standard_error":0.003137089960417116}}