{"Mean":{"confidence_interval":{"confidence_level":0.95,"lower_bound":385.82889052848344,"upper_bound":388.4556511831037},"point_estimate":387.07290303753985,"standard_error":0.6718390510401103},"Median":{"confidence_interval":{"confidence_level":0.95,"lower_bound":384.6413118131868,"upper_bound":386.69125189969606},"point_estimate":385.1605920341272,"standard_error":0.5113564228369475},"MedianAbsDev":{"confidence_interval":{"confidence_level":0.95,"lower_bound":2.956881960726,"upper_bound":4.885564317732625},"point_estimate":3.8413783285223597,"standard_error":0.5022605232930882},"Slope":{"confidence_interval":{"confidence_level":0.95,"lower_bound":385.8385760661369,"upper_bound":390.4070917576213},"point_estimate":387.9497376529928,"standard_error":1.175665371655012},"StdDev":{"confidence_interval":{"confidence_level":0.95,"lower_bound":4.819996312087495,"upper_bound":8.455307165052938},"point_estimate":6.762632097809724,"standard_error":0.9314727368420787}}