{"Mean":{"confidence_interval":{"confidence_level":0.95,"lower_bound":-0.002875250136471522,"upper_bound":-0.001966394811853956},"point_estimate":-0.002427417379357477,"standard_error":0.0002331951670438398},"Median":{"confidence_interval":{"confidence_level":0.95,"lower_bound":-0.0029715360089650478,"upper_bound":-0.0017743304208692745},"point_estimate":-0.002638671420804206,"standard_error":0.0003006586365518805}}