{"Mean":{"confidence_interval":{"confidence_level":0.95,"lower_bound":19641008.631527774,"upper_bound":19694070.162406247},"point_estimate":19667206.052996032,"standard_error":13631.368168245937},"Median":{"confidence_interval":{"confidence_level":0.95,"lower_bound":19630061.2,"upper_bound":19710517.1875},"point_estimate":19661320.625,"standard_error":20255.64692185192},"MedianAbsDev":{"confidence_interval":{"confidence_level":0.95,"lower_bound":12875.083496421576,"upper_bound":77945.9150845178},"point_estimate":50216.90543347211,"standard_error":16431.228541272256},"Slope":{"confidence_interval":{"confidence_level":0.95,"lower_bound":19622974.187981907,"upper_bound":19674301.967953965},"point_estimate":19644093.34155844,"standard_error":13002.125017139853},"StdDev":{"confidence_interval":{"confidence_level":0.95,"lower_bound":27112.380081894855,"upper_bound":55730.306792389994},"point_estimate":45577.23439350401,"standard_error":7285.6611378271}}