{"Mean":{"confidence_interval":{"confidence_level":0.95,"lower_bound":67.96381080829939,"upper_bound":67.99839751767233},"point_estimate":67.97996733728918,"standard_error":0.008817576438605345},"Median":{"confidence_interval":{"confidence_level":0.95,"lower_bound":67.94839970352402,"upper_bound":67.97251881852398},"point_estimate":67.96278318696704,"standard_error":0.005631505406176476},"MedianAbsDev":{"confidence_interval":{"confidence_level":0.95,"lower_bound":0.0375967474696106,"upper_bound":0.06277948261295463},"point_estimate":0.05250494141226716,"standard_error":0.006279114721730656},"Slope":{"confidence_interval":{"confidence_level":0.95,"lower_bound":67.94977513641832,"upper_bound":67.97995164583583},"point_estimate":67.96401253404306,"standard_error":0.007728326305924545},"StdDev":{"confidence_interval":{"confidence_level":0.95,"lower_bound":0.05635002536024696,"upper_bound":0.1178072505277776},"point_estimate":0.08859082793517034,"standard_error":0.015783663162971306}}