{"Mean":{"confidence_interval":{"confidence_level":0.95,"lower_bound":-0.01612622818441463,"upper_bound":0.000863694793330207},"point_estimate":-0.007921219157890458,"standard_error":0.004337873484312056},"Median":{"confidence_interval":{"confidence_level":0.95,"lower_bound":-0.02261529635299353,"upper_bound":0.005443826285442599},"point_estimate":-0.011039664603264443,"standard_error":0.006403566644706607}}