{"Mean":{"confidence_interval":{"confidence_level":0.95,"lower_bound":0.0441780477049935,"upper_bound":0.054809702574770885},"point_estimate":0.049451216605087334,"standard_error":0.0027047353296823064},"Median":{"confidence_interval":{"confidence_level":0.95,"lower_bound":0.04538381852646668,"upper_bound":0.05169098363607105},"point_estimate":0.04841884644459782,"standard_error":0.0016111026897844144}}