{"Mean":{"confidence_interval":{"confidence_level":0.95,"lower_bound":-0.048232262491477496,"upper_bound":0.0027086598047216287},"point_estimate":-0.019662040708371853,"standard_error":0.013233875477229377},"Median":{"confidence_interval":{"confidence_level":0.95,"lower_bound":-0.0074833362220093624,"upper_bound":0.0005854913854097532},"point_estimate":-0.0018553474806196624,"standard_error":0.0020881117727998607}}