{"Mean":{"confidence_interval":{"confidence_level":0.95,"lower_bound":323.250391110007,"upper_bound":327.2853208728353},"point_estimate":325.1516182050469,"standard_error":1.0270566507959935},"Median":{"confidence_interval":{"confidence_level":0.95,"lower_bound":322.65350769013935,"upper_bound":323.9105625341343},"point_estimate":323.83008129813817,"standard_error":0.31346299855328114},"MedianAbsDev":{"confidence_interval":{"confidence_level":0.95,"lower_bound":2.0859002906576287,"upper_bound":7.023805530443472},"point_estimate":4.43127797879858,"standard_error":1.1549525266622267},"Slope":{"confidence_interval":{"confidence_level":0.95,"lower_bound":325.2413174972799,"upper_bound":328.7031122456497},"point_estimate":326.79736977494713,"standard_error":0.8838328962435257},"StdDev":{"confidence_interval":{"confidence_level":0.95,"lower_bound":7.0926119810939525,"upper_bound":13.73794211821439},"point_estimate":10.307464612163141,"standard_error":1.7954062905796826}}