{"Mean":{"confidence_interval":{"confidence_level":0.95,"lower_bound":79.66710912484757,"upper_bound":80.88335704355242},"point_estimate":80.19700486329215,"standard_error":0.31324668533375094},"Median":{"confidence_interval":{"confidence_level":0.95,"lower_bound":79.40208164002529,"upper_bound":79.73963097837347},"point_estimate":79.59892751367961,"standard_error":0.08281906300464842},"MedianAbsDev":{"confidence_interval":{"confidence_level":0.95,"lower_bound":0.42500852185653776,"upper_bound":0.7802609540026263},"point_estimate":0.6216291140807638,"standard_error":0.09201380107667204},"Slope":{"confidence_interval":{"confidence_level":0.95,"lower_bound":79.57731642028521,"upper_bound":80.68241868225877},"point_estimate":80.01877083381962,"standard_error":0.29164771577684684},"StdDev":{"confidence_interval":{"confidence_level":0.95,"lower_bound":1.0360107123747737,"upper_bound":4.706519435933136},"point_estimate":3.152391337851898,"standard_error":0.924192976387193}}