{"Mean":{"confidence_interval":{"confidence_level":0.95,"lower_bound":-0.493497868908562,"upper_bound":-0.49287728986377205},"point_estimate":-0.4931797267636625,"standard_error":0.00015572712775373363},"Median":{"confidence_interval":{"confidence_level":0.95,"lower_bound":-0.493374180178217,"upper_bound":-0.4928224369775346},"point_estimate":-0.49303783855281813,"standard_error":0.0001366963659129368}}