{"Mean":{"confidence_interval":{"confidence_level":0.95,"lower_bound":50.88675091331886,"upper_bound":51.37528126245914},"point_estimate":51.120033158464956,"standard_error":0.12488517342505957},"Median":{"confidence_interval":{"confidence_level":0.95,"lower_bound":50.51606450906765,"upper_bound":51.02572642446604},"point_estimate":50.669436337191556,"standard_error":0.15053741963170364},"MedianAbsDev":{"confidence_interval":{"confidence_level":0.95,"lower_bound":0.5937843127392797,"upper_bound":1.0953424206754485},"point_estimate":0.7995803769901374,"standard_error":0.12991759152597265},"Slope":{"confidence_interval":{"confidence_level":0.95,"lower_bound":50.99431749847241,"upper_bound":51.79556657942946},"point_estimate":51.37535360131418,"standard_error":0.20560461933875493},"StdDev":{"confidence_interval":{"confidence_level":0.95,"lower_bound":0.9403380682213325,"upper_bound":1.5200115123778835},"point_estimate":1.2512068899643827,"standard_error":0.1482457992338852}}