{"Mean":{"confidence_interval":{"confidence_level":0.95,"lower_bound":138.32928787855468,"upper_bound":140.57467918431112},"point_estimate":139.17076456947464,"standard_error":0.6242777434835188},"Median":{"confidence_interval":{"confidence_level":0.95,"lower_bound":138.38849077968294,"upper_bound":138.97735600369052},"point_estimate":138.75273541092048,"standard_error":0.1692331648411961},"MedianAbsDev":{"confidence_interval":{"confidence_level":0.95,"lower_bound":0.7113159227861792,"upper_bound":1.3208812505558514},"point_estimate":0.9373024631772648,"standard_error":0.1604606396391153},"Slope":{"confidence_interval":{"confidence_level":0.95,"lower_bound":138.75280714312228,"upper_bound":139.8695576840475},"point_estimate":139.2041013774719,"standard_error":0.2912205331618831},"StdDev":{"confidence_interval":{"confidence_level":0.95,"lower_bound":1.2949893131480863,"upper_bound":10.553072292710032},"point_estimate":6.26070392677747,"standard_error":3.176775182037177}}