{"Mean":{"confidence_interval":{"confidence_level":0.95,"lower_bound":2234176.171255952,"upper_bound":2283947.221575893},"point_estimate":2255864.511498918,"standard_error":13015.143632195039},"Median":{"confidence_interval":{"confidence_level":0.95,"lower_bound":2229309.147727273,"upper_bound":2280068.0},"point_estimate":2237690.588744589,"standard_error":12117.871970444268},"MedianAbsDev":{"confidence_interval":{"confidence_level":0.95,"lower_bound":1047.8466254879986,"upper_bound":61780.90218635124},"point_estimate":12531.77920910762,"standard_error":14666.675158066613},"Slope":{"confidence_interval":{"confidence_level":0.95,"lower_bound":2230137.9273652555,"upper_bound":2249341.0088547817},"point_estimate":2237439.6155844154,"standard_error":4894.41426808689},"StdDev":{"confidence_interval":{"confidence_level":0.95,"lower_bound":7053.351476330355,"upper_bound":61677.767379904646},"point_estimate":43442.45353667708,"standard_error":14246.929717703011}}