{"Mean":{"confidence_interval":{"confidence_level":0.95,"lower_bound":11382573.517247355,"upper_bound":11710118.488888888},"point_estimate":11515754.319431217,"standard_error":87991.13937126625},"Median":{"confidence_interval":{"confidence_level":0.95,"lower_bound":11356053.827777777,"upper_bound":11557342.733333334},"point_estimate":11439945.714285713,"standard_error":47366.12670224401},"MedianAbsDev":{"confidence_interval":{"confidence_level":0.95,"lower_bound":27967.777670140036,"upper_bound":256672.82241314676},"point_estimate":99622.59138690121,"standard_error":64016.57306561487},"Slope":{"confidence_interval":{"confidence_level":0.95,"lower_bound":11331159.0147493,"upper_bound":11441267.833138252},"point_estimate":11370481.67965368,"standard_error":27981.334827638806},"StdDev":{"confidence_interval":{"confidence_level":0.95,"lower_bound":60818.2096608622,"upper_bound":439525.0917048747},"point_estimate":293346.82747060724,"standard_error":119936.60556471266}}