{"Mean":{"confidence_interval":{"confidence_level":0.95,"lower_bound":6014551.170808532,"upper_bound":6099510.127083333},"point_estimate":6058418.545183531,"standard_error":21845.94357342575},"Median":{"confidence_interval":{"confidence_level":0.95,"lower_bound":5972508.472222222,"upper_bound":6127500.428571428},"point_estimate":6072055.223958334,"standard_error":33385.37556324706},"MedianAbsDev":{"confidence_interval":{"confidence_level":0.95,"lower_bound":13925.4129152745,"upper_bound":117730.67399298745},"point_estimate":82756.30696515564,"standard_error":29789.635273234806},"Slope":{"confidence_interval":{"confidence_level":0.95,"lower_bound":5969566.385673624,"upper_bound":6081734.490104167},"point_estimate":6008340.112012987,"standard_error":28392.00292406524},"StdDev":{"confidence_interval":{"confidence_level":0.95,"lower_bound":37191.42263309769,"upper_bound":87472.41703756146},"point_estimate":73017.08961233124,"standard_error":11783.933891164545}}