{"Mean":{"confidence_interval":{"confidence_level":0.95,"lower_bound":8071243.464285715,"upper_bound":8126410.659513889},"point_estimate":8098341.282804233,"standard_error":14053.990405522289},"Median":{"confidence_interval":{"confidence_level":0.95,"lower_bound":8071012.833333333,"upper_bound":8146927.018518519},"point_estimate":8085457.25,"standard_error":19498.36713951688},"MedianAbsDev":{"confidence_interval":{"confidence_level":0.95,"lower_bound":5214.304107427597,"upper_bound":89498.25936108828},"point_estimate":23809.07297730446,"standard_error":22696.78848590568},"Slope":{"confidence_interval":{"confidence_level":0.95,"lower_bound":8090930.543809524,"upper_bound":8146271.823282237},"point_estimate":8120455.416450216,"standard_error":14109.621184164815},"StdDev":{"confidence_interval":{"confidence_level":0.95,"lower_bound":24405.082543347988,"upper_bound":59298.23936276049},"point_estimate":47036.343851372614,"standard_error":8503.19266011971}}