{"Mean":{"confidence_interval":{"confidence_level":0.95,"lower_bound":99.61966847858501,"upper_bound":100.86785052530506},"point_estimate":100.16427606333414,"standard_error":0.32114764526144346},"Median":{"confidence_interval":{"confidence_level":0.95,"lower_bound":99.25612660902908,"upper_bound":99.66082152496625},"point_estimate":99.4262044534413,"standard_error":0.10639298264958934},"MedianAbsDev":{"confidence_interval":{"confidence_level":0.95,"lower_bound":0.6471543236377996,"upper_bound":1.1614104956120381},"point_estimate":0.8313823123299262,"standard_error":0.133155657034743},"Slope":{"confidence_interval":{"confidence_level":0.95,"lower_bound":99.85945080235679,"upper_bound":102.49906415904283},"point_estimate":100.92411079747772,"standard_error":0.700996811070322},"StdDev":{"confidence_interval":{"confidence_level":0.95,"lower_bound":1.4490988511997525,"upper_bound":4.872691514164962},"point_estimate":3.2260965113605335,"standard_error":0.939271331409908}}