{"Mean":{"confidence_interval":{"confidence_level":0.95,"lower_bound":11.066313269090662,"upper_bound":11.177261779552202},"point_estimate":11.118975496458706,"standard_error":0.0283491092064408},"Median":{"confidence_interval":{"confidence_level":0.95,"lower_bound":11.014983122913677,"upper_bound":11.076845683352879},"point_estimate":11.034850562638436,"standard_error":0.015712160348772215},"MedianAbsDev":{"confidence_interval":{"confidence_level":0.95,"lower_bound":0.10273953724378442,"upper_bound":0.20804651017175518},"point_estimate":0.17677359664103864,"standard_error":0.026490033249513753},"Slope":{"confidence_interval":{"confidence_level":0.95,"lower_bound":11.009791929253954,"upper_bound":11.121954729905354},"point_estimate":11.063113624041497,"standard_error":0.028636615729432692},"StdDev":{"confidence_interval":{"confidence_level":0.95,"lower_bound":0.20647788733670677,"upper_bound":0.35601179720993287},"point_estimate":0.2854217199716153,"standard_error":0.03828226690303307}}