{"Mean":{"confidence_interval":{"confidence_level":0.95,"lower_bound":287.66853589467877,"upper_bound":289.4686459750327},"point_estimate":288.5341344891659,"standard_error":0.46102989253864984},"Median":{"confidence_interval":{"confidence_level":0.95,"lower_bound":286.85888636936255,"upper_bound":288.25054043153864},"point_estimate":287.3925642002031,"standard_error":0.32981063749353123},"MedianAbsDev":{"confidence_interval":{"confidence_level":0.95,"lower_bound":1.7797837087691126,"upper_bound":3.3763666518937687},"point_estimate":2.295678637306264,"standard_error":0.4087799807063609},"Slope":{"confidence_interval":{"confidence_level":0.95,"lower_bound":287.9577006280358,"upper_bound":290.2445402998322},"point_estimate":288.94685698752295,"standard_error":0.5905476533974411},"StdDev":{"confidence_interval":{"confidence_level":0.95,"lower_bound":3.4116144194445406,"upper_bound":5.778165998181006},"point_estimate":4.65915016215127,"standard_error":0.6067590327456185}}