{"Mean":{"confidence_interval":{"confidence_level":0.95,"lower_bound":78.0074567812887,"upper_bound":80.00787674965947},"point_estimate":78.87547333946121,"standard_error":0.5161617149011369},"Median":{"confidence_interval":{"confidence_level":0.95,"lower_bound":77.38772036827278,"upper_bound":78.25976874383687},"point_estimate":77.5833038485264,"standard_error":0.29083349304270184},"MedianAbsDev":{"confidence_interval":{"confidence_level":0.95,"lower_bound":1.160384661440837,"upper_bound":2.010654244888375},"point_estimate":1.4816512935317196,"standard_error":0.2162615674521674},"Slope":{"confidence_interval":{"confidence_level":0.95,"lower_bound":77.66286837164509,"upper_bound":80.30475380934801},"point_estimate":78.70048225943044,"standard_error":0.6992713693586129},"StdDev":{"confidence_interval":{"confidence_level":0.95,"lower_bound":1.646138580515721,"upper_bound":7.816332290549647},"point_estimate":5.201730738370744,"standard_error":1.5712863833127881}}