{"Mean":{"confidence_interval":{"confidence_level":0.95,"lower_bound":43.6850826914473,"upper_bound":43.741116256554285},"point_estimate":43.71208641120825,"standard_error":0.014278738374347944},"Median":{"confidence_interval":{"confidence_level":0.95,"lower_bound":43.66137419293323,"upper_bound":43.71193818776091},"point_estimate":43.67493202253117,"standard_error":0.013434966791999776},"MedianAbsDev":{"confidence_interval":{"confidence_level":0.95,"lower_bound":0.08238976997544797,"upper_bound":0.13329316655401213},"point_estimate":0.10311315016352532,"standard_error":0.013417005256001065},"Slope":{"confidence_interval":{"confidence_level":0.95,"lower_bound":43.69112559230696,"upper_bound":43.73243958198874},"point_estimate":43.71105803366555,"standard_error":0.010545853874850186},"StdDev":{"confidence_interval":{"confidence_level":0.95,"lower_bound":0.10967327072067905,"upper_bound":0.17354263363579173},"point_estimate":0.14337409958794098,"standard_error":0.01629984311481382}}