{"Mean":{"confidence_interval":{"confidence_level":0.95,"lower_bound":0.0005895017513912915,"upper_bound":0.005544471652775468},"point_estimate":0.003074938183071696,"standard_error":0.0012636987224124668},"Median":{"confidence_interval":{"confidence_level":0.95,"lower_bound":5.1160019534091106e-6,"upper_bound":0.005719144589432548},"point_estimate":0.0037451998737878522,"standard_error":0.001532509089055446}}